--
-- PostgreSQL database dump
--

-- Dumped from database version 16.2
-- Dumped by pg_dump version 16.2

SET statement_timeout = 0;
SET lock_timeout = 0;
SET idle_in_transaction_session_timeout = 0;
SET client_encoding = 'UTF8';
SET standard_conforming_strings = on;
SELECT pg_catalog.set_config('search_path', '', false);
SET check_function_bodies = false;
SET xmloption = content;
SET client_min_messages = warning;
SET row_security = off;

SET default_tablespace = '';

SET default_table_access_method = heap;

--
-- Name: images; Type: TABLE; Schema: public; Owner: postgres
--

CREATE TABLE public.images (
    id integer NOT NULL,
    name character varying(255),
    data bytea
);


ALTER TABLE public.images OWNER TO postgres;

--
-- Name: images_id_seq; Type: SEQUENCE; Schema: public; Owner: postgres
--

CREATE SEQUENCE public.images_id_seq
    AS integer
    START WITH 1
    INCREMENT BY 1
    NO MINVALUE
    NO MAXVALUE
    CACHE 1;


ALTER SEQUENCE public.images_id_seq OWNER TO postgres;

--
-- Name: images_id_seq; Type: SEQUENCE OWNED BY; Schema: public; Owner: postgres
--

ALTER SEQUENCE public.images_id_seq OWNED BY public.images.id;


--
-- Name: passwords; Type: TABLE; Schema: public; Owner: postgres
--

CREATE TABLE public.passwords (
    user_id uuid NOT NULL,
    password_hash character varying(255) NOT NULL
);


ALTER TABLE public.passwords OWNER TO postgres;

--
-- Name: roles; Type: TABLE; Schema: public; Owner: postgres
--

CREATE TABLE public.roles (
    id integer NOT NULL,
    role_name character varying(255) NOT NULL
);


ALTER TABLE public.roles OWNER TO postgres;

--
-- Name: roles_id_seq; Type: SEQUENCE; Schema: public; Owner: postgres
--

CREATE SEQUENCE public.roles_id_seq
    AS integer
    START WITH 1
    INCREMENT BY 1
    NO MINVALUE
    NO MAXVALUE
    CACHE 1;


ALTER SEQUENCE public.roles_id_seq OWNER TO postgres;

--
-- Name: roles_id_seq; Type: SEQUENCE OWNED BY; Schema: public; Owner: postgres
--

ALTER SEQUENCE public.roles_id_seq OWNED BY public.roles.id;


--
-- Name: sessions; Type: TABLE; Schema: public; Owner: postgres
--

CREATE TABLE public.sessions (
    id uuid DEFAULT gen_random_uuid() NOT NULL,
    user_id uuid NOT NULL,
    date timestamp without time zone DEFAULT now() NOT NULL,
    comment text
);


ALTER TABLE public.sessions OWNER TO postgres;

--
-- Name: users; Type: TABLE; Schema: public; Owner: postgres
--

CREATE TABLE public.users (
    id uuid DEFAULT gen_random_uuid() NOT NULL,
    username character varying(255) NOT NULL,
    role_id integer
);


ALTER TABLE public.users OWNER TO postgres;

--
-- Name: images id; Type: DEFAULT; Schema: public; Owner: postgres
--

ALTER TABLE ONLY public.images ALTER COLUMN id SET DEFAULT nextval('public.images_id_seq'::regclass);


--
-- Name: roles id; Type: DEFAULT; Schema: public; Owner: postgres
--

ALTER TABLE ONLY public.roles ALTER COLUMN id SET DEFAULT nextval('public.roles_id_seq'::regclass);


--
-- Name: 16487; Type: BLOB; Schema: -; Owner: postgres
--

SELECT pg_catalog.lo_create('16487');


ALTER LARGE OBJECT 16487 OWNER TO postgres;

--
-- Data for Name: images; Type: TABLE DATA; Schema: public; Owner: postgres
--

COPY public.images (id, name, data) FROM stdin;
\.


--
-- Data for Name: passwords; Type: TABLE DATA; Schema: public; Owner: postgres
--

COPY public.passwords (user_id, password_hash) FROM stdin;
37b0d6f1-1b53-41ec-936f-715c4c439c2a	245f1fec75474380ecbe9c064663823c
d38f1b60-2944-4055-9b3a-16d78a6e6eb2	admin
b543fbe7-6d8b-4bbc-a141-85800c5bd780	admin
2abebdbf-0f60-433c-8beb-52f9af2f5598	user34
9ff9d370-5316-4809-b4e1-d573e6bda14d	user5
71d4ac05-fbee-4eab-8438-a74411c9b0f2	user6
\.


--
-- Data for Name: roles; Type: TABLE DATA; Schema: public; Owner: postgres
--

COPY public.roles (id, role_name) FROM stdin;
1	Admin
2	Moderator
3	User
\.


--
-- Data for Name: sessions; Type: TABLE DATA; Schema: public; Owner: postgres
--

COPY public.sessions (id, user_id, date, comment) FROM stdin;
f742c548-a3cf-4b56-a18d-fe9ebb57483e	b543fbe7-6d8b-4bbc-a141-85800c5bd780	2024-06-24 13:09:15.808146	
3e99f78b-a91e-40d0-aeda-a122066ea654	d38f1b60-2944-4055-9b3a-16d78a6e6eb2	2024-06-23 17:31:44.120755	
7acf3e70-4c3a-45f5-9c55-0a7e0364d8cc	9ff9d370-5316-4809-b4e1-d573e6bda14d	2024-06-24 12:48:25.552056	
56493b0b-afce-41c8-802b-042c52c0ddbd	71d4ac05-fbee-4eab-8438-a74411c9b0f2	2024-06-24 13:05:37.593724	
\.


--
-- Data for Name: users; Type: TABLE DATA; Schema: public; Owner: postgres
--

COPY public.users (id, username, role_id) FROM stdin;
d38f1b60-2944-4055-9b3a-16d78a6e6eb2	user1	2
b543fbe7-6d8b-4bbc-a141-85800c5bd780	admin	1
37b0d6f1-1b53-41ec-936f-715c4c439c2a	user2	3
5e2bbe54-0adb-48b6-8561-3336f9d11397	user3	3
2abebdbf-0f60-433c-8beb-52f9af2f5598	user4	3
9ff9d370-5316-4809-b4e1-d573e6bda14d	user5	3
71d4ac05-fbee-4eab-8438-a74411c9b0f2	user6	3
\.


--
-- Name: images_id_seq; Type: SEQUENCE SET; Schema: public; Owner: postgres
--

SELECT pg_catalog.setval('public.images_id_seq', 13, true);


--
-- Name: roles_id_seq; Type: SEQUENCE SET; Schema: public; Owner: postgres
--

SELECT pg_catalog.setval('public.roles_id_seq', 3, true);


--
-- Data for Name: BLOBS; Type: BLOBS; Schema: -; Owner: -
--

BEGIN;

SELECT pg_catalog.lo_open('16487', 131072);
SELECT pg_catalog.lowrite(0, '\x89504e470d0a1a0a0000000d49484452000000e8000000e80806000000e5a9a878000000017352474200aece1ce90000200049444154785eecbd79b06df9551eb6f699ee3ccfc37bf7cdaf07b5662488112822e01833884ac9650b49084d3dbcf77a54f7931852a484038862d4dc6a5a029ca40a570a8189a9b8129ce07f0c1548e1d8c616091252cf6fbad399a7f07ddf5abfbdefed56a3a1bbd5adee2b9dbef79d7bee3efbecfd5bbfb5d6b7bef5adcc5efa7ade5d81b7bcf1db5607b591ad7eb7bbd91ff4d633b3b55e7fb0dcef0f1686836c7e68c399e170303d1c0e8f0fcdac9465562a976d7169d98e6c1db799d9393c6bdd6ecf0683a1f5fbfd2ff40783dd52663b43b3abc3e1e04ab7db7f62d8ef3d3a2c678f0c7bdd2fb75bfd2f7dfcb39f7dec7977315ee42794bdc83fff37f5e37fff77dc7453b7db7dd930cb6e180c06d70d0783d3e54ae5d4e8c8c8c4f8f8b895cb651b0e870623ec76bb34b8fe6068c3c1c0068381f57a7d1b0cfa562a95ac5ca9d8d6f19376e2f459abd54668a003fced60c8d7e2185906632e59966586a3e2b921fe839f877c5dbdd7effdbf835effafcc86ff6998d97f1c0e07fffe43bff02bffcf37f542bd88dffc25037d8e6efedfffb657dc38acd8eb87fdfeebacdf7fd5d8d8d8abcd869576bb4def87affea00f6f47c31c1b1db3c9c9491b1b1fb36ab54623c36bdb1d186ad7ba9d8eb5db1debf6ba965966954ad9169757edd8c9d336333b6fe54ad5b2acc4e3d2a06989433e0703c5c3323ca3af3e8c7830e073f85d292bf39838b792592fcb4a7f3ee80ffeef6ea7fba7ed56eb4f3ef0a10ffd87e7e8d2bda8dfe625037d966eff0fbce135af1ef4076fecdbf00dd9d07ea85c2a95e8a5fa5dbee3e4c40443d366ab950c06860103853155ab151b1f1bb7d9d9591a2a0cab37e8d38bc2509bcda6351a4deb74da0c63f1b7d55acd6666e66c727ad6aa23a3346c7ad7120c555eb35c2a5bb952b672b9625929b3ccff6d251965a984d799ff9dfe8d2f6c02e57289cf336c1ef407ed56ebf7ebfbbbff666fb7f97ffce2c73ef6e7cfd2a57c511ff625037d866eff0fbef1358b352bfdd7fd2cfbbee170f8bd990d57b34c9e110b1ac6082fd8e9b6ad56a9d8f4f4348db0dbedd870288f86c58f1b82d765a592552a151a271e0c772db3c1d0acdfef59a7d3b166b3c5ef346a7adf810dfa43eb0fcd4ae50a435d1ca356adf1ef711e7803fc4caf8d731a0ead5429f3fdf0def83b1862a55ab3b1b151ab56aa34661c077f07c78be328c4eef15c067d84d0c347fbbdfeffd6ebf5fe55afd9fec39ffbd8c7ae3c4397f6457d98970cf41bb8fd6ff9bed71def77063f6cc3ec074ba5ec4d0c1769887de67ed5919a954b150f1b4b361c0ef86e23b59ac2d7d1111a26163b8c0b4680070c0e8ff07eb511191afd18bda1be601830926eaf67bd6e8f3ff3df781ec60a43cd606c55fefd60a8dc155f781ee7dbc1ebbb5d7ae75eb7cb9c14ef01631c1d1db55aadc6bf1da98d586da466b5ea888d8ce1f911e6ad30d07eaf4fef8c63babbc5e7ffa376b7fb2f76b6777fefa30f3cf0856fe032bfa8fff42503fd1a6fff3bbfff8dab9dc1f01f75bbadffa6dfef7f97423f848c08ffca34ac46b3c9c53b3a3666236e5c954ad546c74619b6c2e0c6c7c76c7444068a050e23c12287c75228dc674e8ae7f185bf47788a0d00bfc7fb96ca3208bc168051afd7b52e81a3a1f590b33ab084d7d3f5e1e15fca3311360facd56ef37d626308cf98425dff8c307478637caed834104657aa156d02089be19df93e3a4f58fc6038fce36eaffd3f5f6becfccec73ffe1252fcb52cb9970cf4abbc5a3ff2a6d7bd65667afa47abd5ea0fb79a4d6bb79bcacb32791b78cc6ebfcf90130b13a8ead8d8984d4fcfd8d4d4b44d4c8cdbc4f8848d8e8fd12b7161572af492f8124adb55a8eb8b1b06d76eb7080461add3eb0d87d66358a9bc930fe48943e3f3302e1a4756b24eafcbf3c103860b034dc011fe60a870baddc56bba347486ae3c0e72e101c3decc9124be97e7b2380f9c7b32d04ad56a23a336323a6ae3e313363e3121b458e830df1baf1f0e869f6bb49affe32ffeda47fff95779e95fd42f7bc9409fe6f6ffd07ff9dab3e561f6e39572f9dda363638b5393935c70f5c6be75da6d7a071a677f40f0a6d7ef2b841d1db599d9595b5e5eb6e5a5659b9c9ce242aec203d5aafc4e4f68ca076192304684a93436a0aa3d84b93d1b0cf59d4686f740388a509661b087acb43537381815f2c95299de91212f8c1f61a887af383e105b20b7c881a384c39f91573aa2cbd20c8cb88f90dd4b35115e332c87d756880b63465e0bf4786262c2a667666c0c1bd2d89855910b33cc06e8845c189b40ff72afdbfb8d9d9dbdcf7ce2c107fff38bda0a9fe6c3bf64a04f71717ee0efbdf2fb476bd59b6b23a33f046f879d1f0f84ab585cf5fabe753b6dab3a70d26ab5acdbe9d9c8c82873cbf985055bdb58b7b5d5557a4f802c304822a8046880847291d22345d80a23c00dc1c207528bd708551dd230db9d36378630381874785e921290e322fcc5f9265009c0d1c0faa8892ae2a487c5fffbbd9e75ba1d1e1bef894da0dde9d083864112dc8221b206abe387b7c67b47782dcfdea7b79767add240f1189f9cb4e999599b9a9eb6b1b1096e42accd3287ede318bfdf6ab7efffd54fdcffbfbc64a807afc04b065ab81e3ff8f75efbee6a35bb5829974f23479c989c64388a8588c58b7205c236d420e93d2bf206788cd4466d7171895e736171d166e7e68882227784b13038f4dc0cdf681058e00815bd7cc153214adbb74ebb43b049c63ba031c190c2e30538848d01f5d0660b25978ebc9d931b8a3927ec0aa09103b90e4eb90764beabd0360c5e79683f7f1d0c343c298c11d704e7ef9e14e7082f8de752e8cd282123228c6b89486212e1fee494bcebe828378a30d6c170f8579d6ef7177eede39ffa8d970c5557e0250335b337bfe93beeb441fff652961d1fa9556d625c79d4c8488d1709200a0905ccf74a32ce0c5e0aa590b2cdccccdad2e2120d143f63e1c18394019e542a5ae4ee7982bd03438a7012c781674db744c00adf2785ae787db763ad56934644cfc5e77a3466d453e9c91102330c865714f9004689f7c5315933e56681c3a39ea95055f5576d36f899c741c8ee3964bf27638c4720c6f17a7ea717d56b947bfae7f028019f4f60d938435fe4e7f38b8b345c6e76643e1165fe42bbddf9f58fdcffc0afbed80df5456da0dff3ba1bee1e1b1dbbbb561bd9a820fc2c653652add8c4f818011e7c09190528236fc27a60a5420416b9d6ecec8c2d2c2cd03081d00afc519e894527e3847168d1f2417eac72407a50270cc4624c943c077f7893b0f87b5d6bb55b0a73915b76e4c5604c641505cb08a08fbf0ebf07e0038a20df0f271306ca7fe7e5191a886f24325c004e786b7870a1ca343a6e0e9e7b8681a3b434cc0c413a5e17bfeff506c6ec950013402e4508383ea293d9b979461c8b4b4b0c85099a79386e993dd2ee757ee9639f7af0975fac86faa234d06f7fd9895babe5cac5b1b1d12d22aa958a55cb151bad556d74a466f0a22cec7b8e84c50123421981c8ecccb42dcc2f906c303939418436402080240042443ad0e5a5e72a1a68ca07c58735a7dfa545e89c591a6e3a8a8c1c9e8c4ca256cbda2d111564a4b9c130fc6cb768ccad16bcbf03415e82c90d54b5cf6e4f7967101902dd0d0fcacf900c11396d9f21b708123958c430daa3050148d884fa244e28f755d0a6705be82e1eb80720f8cfcecfd91cafeb8c036966433237867fd3ed777fe163f77fe6132f36437d5119e877bef2ec5bccb29f2c974aaf40760444958578801ae58a8d8f8e30acd526ae15056007212b0c13bc5884634b8b8bb6bcbcc2e7e17511e68a6903fa5cc9f346e593b1b8c348e54cbc34e2396931d388f78d3c4e35c5f88287031ba94baa1f1ee4e73a7034eccb0312f56db749038471c248f188ee967434d4593bf0c61deb0218f2dc156126ebaa048bc4e1c5f9c36019bec2b03c944d8c22a2bf434380ca8dcdc917f86b3e0f927f6c4c7e6968a885b019514784bd30d4c9e9291b191df1f20c91ea7fd7ed767ff613bff1d9174d89e64561a0af38bef9ba72adf633b56ae51fc8b3210f1b5aad5ab5d1d111ab819b0a6a5db96c357a4014f18d46393935c9f055f5cc29960fa6a7a66c6a6a92bb3c9157d0e7e0350106399715e15e84b4f49e9e97453d90e741368f3c4a749424f6ba8056f99cf4b30023180a105de49c7820070570c5fc0df5d01e80a356325cfc9e06da83c1b95130eff45c15259e94839267eb483190e1302c3c0f4355989b72532fb5a8f4a37c975e35c2e9ac2463ed910e28c3c631113578081f396b74de80f8808d706a66c61696966d6e619e083aaeb1c71c7fd86c35ffbbfb3ff3db7ff2adee51bfa50df4ece2e29455871fcaac7447b05d5832c932ab79ae8970d61086a16dcb321bad81e5336ed35393b6bcbc64f30b8b36363e4ed0686e768ea582f098d5aa9843b8882ab9546c488fa79206bd267f96e1c8d88a8c1ed542e9a522ff738bcc6f0c4cd84940307a9301b1e4829208eb903deba3cca2920573511a6fbbadfa2aca296d85c2f4b2f4900293484b84e10c84c00a1c42f9258c363e8b59df41a4f0a20a63e569536d36f17465c8a8c792d9c43aac0c5769ae3e7b2138d0efe9a5b52960c39b989eb6a5a5655b5e5921328e4d514e9dfff9b5fdeee33ffde083bfbff7ad6aa8dfb2067ac3c6ea3b07c3c10383c100dbae4a199532a96a60f400a91dadd5cc06f0364d2e72f04d91572ea28eb9b62292c1d494ca0404846659eb64e84b7a1ffa3555bb447e4aa68ca3a35a4361a00a13934fa43d7a3fe60103cdd9782ac96821260375c0865d2d6e780c1159a7ecda807c5c51fec00c42888bef341e02496deb75bac9fb85812a0cef935144ca1f090c5d3291c213828211886faa61068fd751609459e08985f0baa7cdd4974a42bd7f6e85fb3a1e3f1f7370dfd01c40d2f59111037403f10340d2caea2aa319f5b4f2abdfed76def3c9073ffbd96f4523fd9633d0d75fbf79badbc93e3c18da9bb190c5c811d50c7922fa2c11a24e8c8dda70d0b356b341241328eef8d898adaeaedac6faba2d2f2fdadcecac686b935336313549e4166116ba54d827e97551965f9cd6c6c288337bc27b46a84be7a86836354b2bba15b24b8eadf76346cd54062a03d77106d623bb480f3282dc40c9e8710007de95e5212fbd24623dba5fba222214011e1815c2577a53d43459fb15824d4612735b813e791965e0b55979db5eb74ff2bd9063814eca47f18145f5a345015176be311d61da8bbcb93c00a4280f39da8d301788efeadaba2dcc2bb2e131336e769febb6bbf77deab39ffdab6f2543fd9632d037bfe9db2f3cf6d813bfdcebf72b04351c45d4e237d2d0d049825cb32cca0ef330003de363a30c618f1d3b669b1b1b363b0b4fbac89d1b753b74a6c0280126a1252b1840c8a308e47848ab05eea514412607c2d730d04033c3525389c3c3e0e441b9dafc18a4db6171cb480e3cc238dd58c1082250d456184cc375b650a7059692584cf19cf8beaeac3094170cfa2238c6243230b7d426a08d41a51886c5f49a03ebf4c482621b1c5fafda6810eff99e4514db6bbee4eb46beebd187725e2f0f396887eb824d13756700750b4b4b04923c37ed655976f7473ff5e98f7cab18e9b78481fee337bff15875601fe974fb3ff0f8e3976c7b6757d220042c1408293794219590dfb03dca68a8e844999d99b1e3c78ed9d6d696adadaed80a18410b0b2ca8b347125cd26a85dd26229c2b1f547d2f3c621150011882c0f0607e991b284fca7f1df22379289c1b68e4b0613c58ec5153555d333c2901180f31c368525e4a1506d44d3bd66d77127f165e374807914bd213c3103d6754a964c0660045249eeb7ae81cc61cb55620c7cc914145f4b017e47e4fc23df417e923a88df0c0412f545021e4b7476f5ba821b36920b34aa9c2f403b9e9eafa9a4dcfcee4648fccfea0dfee5df8e4673ffbc517baa1bee00df4c28ffdf03b1af5c603bd5eafdaeb0fedead56d7bfc894bd6684a69208550f4724c10ad3434abc0f395d0de55b699e9195b5f5ba3811e397284f9e7e2fc02f34e92bcd90b29b85fe1981bbb033ab1a022ef4ce1234246c2a6a100e4cb05616b7062b9181df1a5e1f93ad6b692105eff572809256f13c481309ac40a6219447da90285c2d389949f8cd281211a2f8d4abc5c1a360dc3bd36ba7506aa7d92f8e09e9361b0932114d23a55b1d3b526ca3b04aa22249727e5eb7015bd354d2012ca346a36485d30cc53f33c9e5ed653848c8099113442fd74657585392a8cd65959dde160f09e8f3ff0e06fbd908df4056da0f7ddfa8f3fd16eb66ec1a2a9d71bd66a776c6faf614f5cba6c7bfb75072ac00370423a940d70534b28a794699c737333f49a30ccf5b5755b5d59b6b939b082c6f8502746cd2ab56a425c933776d2792c9a202344e8c970105e344a2cb152246c90ca28014a46fe1a5e3772d5b427e4a5d53c1c4c543d271080e1436f9484c0f8fecc41d9a616a8ab0c8b44879642d244130c2202f34d49b0c08b296495170d6f1bb9aa8c507da8d129d34479a789728f106462019e93a2a93cf48f18c4079054a83345fe4ab282932582e9e48189836de8bd1d21d5f2c8d6962d2d2dc948b91f679ffcf8a71fb8f5856aa42f4803fdf0cf9c7b75bf37b87f6f67f735cd7a830b07b956bdd9b69d9d3dbb74e9b2edecedab304ffd0fa90700a925183432623540f813e376fcd8969d3973da3636366c7969c9a600084d8cd9c4f838515dd0fa502ac8d01ccdae160042e0cdc2eb81dae621b4975322cc8c10915e2c856858bcb2321111728b8b45e8abaa000a395252344eb96c077a729652bcb7c4c73c2c74e394d1b8c1b99186f81872d5087589e2b2750e5e16e00f1e08d7730365778c77ae84f7a457f6720aa991cc3d510eea5ab3d1641d36c8f7f08a305e8078e131b5c9e520113d6dcaeb43a942e7c1eb3770e82cf8ca99fa53e7e717ece8b12d5b595915195f5f7fd6ed0dde77ff673ef382d34d7ac119e86def7af33b5796161f18a9d6ca8d7ac31af5ba8af49659a3d1b2abd776ecf2e5cb76f5dab6b5dbf0127d1a988c0472235519e7d8986dacadd9d9b367ece4c913acb5cd4c4fd13061b8407b51db14f9a00c2682905b7ca781a27ca03ecc6009c100d01baac66720a24e50a091ca90586ef0482d560f6f82d3faf20e145facee093db2f310cff3da5453cc39be2209a8dc11e40895380e814a048da2434661af3c28dacf545b05702463539db8586611515fb55486bd7c0838623db5a3f6341aa91325005c89a860547bc0bf596a2984b5b902a14a9dd85f8586877ca8362c84b8a1daa00422bfa868f15b5b5fe703201f5bfc4a597f8090f7d30fbea0ca312f2803bdf91d3ffce1915ae5def9b959327edaa4ba896f8ac581dd7a77779f1ef4d295abd66cb6b950821b2b3bc848e9db585db5d3a74ed9e933a7e83d67a7674850007b08ad66447b417887f744ee1906ca52410e12c9f09cda0674350c83a11efe2de308ef90287279e786ea806cb2563b5b245aa2edc91346d81b5d2e5e542cb0900258e9ab2cc2b633cf7f531927ba4c64480386c3f2943016e4a130cc81d731453e70ce6d2aed78984b43d4dfa8795cdd393931c29f771497847ee705032b00928bf7a491468b5ca1e32736aa746d1db5ce73745da7a8ad160d14cf232541c8bb75ec185b0041eb942244e9173ff2a9fbef7ba184bc2f0803bdef5def9aea54eabf65c3c19b9137cecfcf1164d9dfdba3f78c9a5fb737a0515eba7cc59eb874857929a0ff50a563478a991dd9d8b01bce9eb113c78fdbc6e606d15ad446619c14c6aae121a12e7a50b69748732890c7d8d5a334a1ce14f7546ea4345650dcbc754c79967785784d11b9220c94ca0af15e29e772b910df0468f04e1b4c37ce576c2c548244f0967c9db3d41d788a503ba8780294e42dc94af23636329322cf74e38bee1601483252d63c2377754417aa8529ece53144edc38640869347359487718613105f786d86affc524a12babd89074c4376f43bdfc7f2fed728b6f877dc2b904b8e1e394a1009322c9420cdec73edbebde3c1071f7cde33909ef7067af1dc8fddd86835fe875aa5f20a043b9572c9565757184a5ebd72d53aad1677f07aa3e1a2ce03dbdddbb3272e5fb59d9d5d16cf2b65c96de06b617ede6ebaf1063b7de204cb2934cee969f26c2155424a60452a7824bfbb189876f44382cfa96ee8e12bc3308596910fe23c537dcf4b229432f1b051060a4459792e4b3805038d30553224b98106c3480b5ac96c48a0d038bd5441d43a04acd3f93a49c185b219ce7a584baf0a1133b0885cfe24f588f23947643dcf65db1b4261a2b922e8070551344079f3e0e3b27f158406e8fb3a114222dc22f3aba452a001ba040c7360a60739f13eba8572569687feac5e0901c795991c9f200369e3c8a6cdcdcf47c8fb17bd4eff473ffd9bbff9bc16e07e5e1be8bd177eecfb86bdc1ffb4b7bb3d3f8996ae8a1aa4d7d7d788203cf6c8a3cc41b1ab837bda6ca16d0a2a751dbb7275c7ae5ddb611e0a4343ee0866d0cb6f7a995d7ff68c2dcccdf181fa277656b05220fc8cd088b43d901968341ee23a9f27080a4208a3eba5d8ed01032de6a2222d1049e5e2722d59cf4b8bdd2bcc43c3408316e7dc5621c3428569d411a3391387a176749b8471464128b5b3791375b0889813e7ba42414288866d7a573f26de9ff4422a2b28bf8c1a6cf4a6e606eab22c5d5726e40620e00a0f84b830509461c298531414e32d9c1a895433185bda283c3c8fdcd505d6d28604c32c1aa81b29ca318b4b8b76fcc4495b5c5e52734356ba9a0d87ffe4e30f3ef8af9eaf21eff3d6402f9efff1b7f507dddfeea16ba3d9b2e9a9091a27425c783e94b81f7df811dbd9d971a90ed0f65473c3cddfd9addbeece3e1701fa2d272627ecbaebcedaab5ef94a5b595eb2e9c909e69d5078a7feebc8885541e5ab4aa224f483cca52e23270a0a9e0878022c828217a31b8629c40dc0483b7fd0f2c05ea29c49aa734a9d2b11e953481a7965003c0e3e4522e67c5efacfd0f72990eee9f35dc92f52dba2974d21377b3b0b48add741533db4505e1199dea54ea22d2deaaa6814ef79c9861e559abd7c50f04c482f907510189a6db5c105495f847e309f9c4e480e95d0eedc48a15ee834c7c85983d71c9103a87fc1c427a0a47fe0bea2f9e1f88913f4a8e8667225eeb77fea339ff967cf47237d5e1ae84fdd7bf3856ebbfdebdd768ba8228c001e142681d0736d799974bdc71e7dd4ae6d5f23a50da1ac904378d38eeded36acde80576db39679f2d4497be5ab5e65eb6babd40a9a9f9db1698a478fd240090841819d062a1575849d2ad1a8df2b7a34c522ca2f5d42189db89e53e1bcc3a410f2ca0b20c445ffe52138b7b042f206e75cc97d1814bf02b32656a20800b9c4094e8f50965ba68affd10a16a87212ed4ab441e6af215be26d6351d7a4e7a4d13972eb7abe61c8d23492f70c0243d140717f082451705bdd3350c747c44390ca51610d8982913a43cbbb79c4e515f95e209742e70871c9b12a740ea520c3bda8df44e6a530d2b5b535a6356c2f2c956effc4a79f7f14c1e79d815ebceb3d3f512b97ff69b359274a0b5300bd0e868493050abb88fec06ad52e5fbe64dbd7ae714609000e84bd08113bedaeedeceedbde5e9d2aeba083bde6b5afb553a74e5386048aeec84561f4406bd96b88b0d6e54cf81df92799eb25aa04a8c93a475995ff049228ef185e3278afd205f2362b075782cc4e032d3087a21f2df7cab971c5a805813cee4d1d194e861ce25bd80c846f1e5063c8176b489fe4882ec3e782c241681325ae6f785718842b37d0188345c40d47a87048c444370cbde8a1472840e07bbb0552bf5ae388083b724c2fea682f91eb4234807b1221bd40b1bcd0c25257f1a2384b2bff7bdd37f4f31edd3a6a9b9b476c7c725c0afc59f6931f7be081fffef9e4499f5706fa93176ffd506930fc291825c4a15bad06cb2958d4f09860f6e0e24f4f4e519e646f77c77677f76c6767dbdacd165f03800740c6fe5e9d6485b1f149bbeebaebedc697bdcc66e63037d37873e6e7e6d89d22adda1a09090ca362a297973ea45feb282ea969d2ccc9c548f2c6eca0f8c90805b4c010a53a1024017950e6a9ee09552e088130273e1ca002e69d2c070db4f0775e73108d4e355ff58ea8c9bbd0349266ab046a1a1180f24a375c0765822e78381c0eaa5f101ca25c2372830b9a85266f471d2ee4e672f8937b4cd20bd575033134785d51091da8a2a78d7115fa04a40842b0cdc92751f71572adcd2754205239acc09fe482f7e60694d38e6e6dd9d6b12dcdbf914ccdcf7eecd39ffee9e78b913e6f0cf4a73f78fee7aa95ea071050f6ba6a93c28e5c2d976d77679739e7cccc0c2f3e04a4c76a35dbdfdfe3e3dad5abd6d8af336f0cb4163b33f29c8dcd23f6b29b5e6e2bab6b0c8f9167cecc404b688a3988860be93b00210235ee2905d840a59d098cb79a89e0ae7d58bf4f0c182f6ba445964096e0af3ac7d58d33efde700f5cc81ff31c2a27d2173d687809795cefe570827990cb5325c2b9c0e9df2135a2e5eea8b30b821548011132a72e9722ad3010e0e8ffa4f141b521af8b62538afc1388ad54ee2570a6dc53a51d4d6bcb0741a9a7144408fcbd4baf24045a9b8e521021de518641e986e71c7441dfe4a2612224f29391da90b5efadad6376e4e8119b9c9854692db39fffe8fd0f7cf0f960a4cf0b03fde0bde77fae54b60f404d6fb45ab1467ddf9a8d06dbc0406cdfdedef63c74929e6b9234bcaaedefeddadeeeaeedeeeed040f161c0fe811785e14083f5cc99eb6cebd871b68c71eee6d8185511d0a512ca081c5ae4734538862f583d1ca1e00a088eb032d4c5343225a50a837dc1475f6710d65339c5dbb2426b56a46f0f445985c92551f2de5107a0521fa8bf2e0d400a4febded51bbf199e7add55eb348cf760df25c3f16041b9c78f859d8cbf80202720ccf33e3622b8916a78933a6522ac0fe57b7858955454afa6c744580bd1338a99a12d4e5e14259a5ca1013da9fadb6033a9254f574eb369f29e5c76dbb8c756c490eb1027031505c9e38ac015ccc6c726c83a021f1b2d87d51ae89df6f31ffde437df48bfe906fac17bcf7d6860c39f2a97333651e3d16a34d8480dde2c6a71fb7bfb042e46aaea2841fe8936318445202bec5cbb6af5fd3a0d6e14f341466a363a3a66478e6ed999b3d7dbf4cc1c4358e49a922f19670f61a82210b52ddcec202370791364010fb7203c5dcceefc79da04162df226eee4514ec9fb2673035563348f1f54be007ec203240242a189d9d94789dbeb616d62d3847a60a1069ab8e75e2e15e2ebe8b0bf9eec21d46bd3571e66c758c344558c3e54cf4b532378324e956608f410c851f3b7802021bc14da06389448faaa8352d53ea6b5f514de6f9172f40000200049444154325ff54e176d12e2e822ef640c83dab1df036c7c5290e8a65038b505c6780c5ff1a931ded1f8d1daa8adacacd8b1e3c7598ec146ffb74d4f3ffbb14f7d73c3dd6faa815ebcf7dc4ffceddcd97f8a75819e4ce495d313e3d6778166182810dafa7e833b343c17d50b9c6b8285da68d40914c193220745d904922620209c3c7dc6b6b68e53c51cb298902b81329f0809100793f8748cf94bd3a77d316bbd2a8c8db057dea5405a08e028483b2023c4dc4c18a97ba1a829e66d55b9078c50575d2f0ad18a5e8c06efe864e45ce9f7c552835302c9c7772f1a9e5234377de506ea1a418184fab18a869a77e6a82f35cfb38321146c24896947781f7abc61c0aa53b7948bbad0b6644345330c65421823a456546f453906f9ab8350016441afd89bb9a39a82cd594aff4335aa43202d3a10fc83c76bdd853af5cf0bdadeba06458d53a74e91264876d7d07ef223f7dfff4d038ebe69067af1e2f90b990d7f9dc6c929d0f07e559b1a1fb30199295272077f1394bd7603f34fc0db1c10fc80c0340c0b39e8eeee360d34f25468d622af3879eab4adaeae711e080c12448428a968e7d5fbaa43a5a8401b6d9f0e0551e6c447c6072d96c051215f652e5754cc730f9a14038a6316a0d8ee7d3085fc917da3ec21756370438351e7ed634184cfbb68a2161b377310ba48de75c229653e1b86395b7841cfeb502754341cc70ceaef6195f820ff1f9426d1e693ab3610c10589dee566a832d8d254f0f0a2499190060a0f1b14c19ca40f0faa3c3644b3bda3066a1921c4ed9f01c654ad55355211efe71c610a97a9207c20981056946f5ab1290134dc3a7a94883f5221f59666b77ff4539ffaa6a8347c530cf4e2c5f36fcb32fb6dbe39a96819430ae4a0350c16ea6126a684a6b01ba25d898f7a433352b28cafc5dfecefefdbb56b5718eaa2cb647e6ede363737eccc99b3bcc8284c83570bb9137272ab3e29da3d1f435b17ad2ade41d9a3983dc5f24a3056485470868e5e2bd574d1fcbcfb83d3c994eb853c4830739221c6ca509132a9ec25feee01269110e09c40ef6d677e1d7533715e0a05e9cda20f33537e8e7030b183a27ca154556093af08c9b604a29b77cb44575090f5a3ae1bbda6387690e8137308612bc3daa604b7a1d7cb666e8daae8747a0c79f13cf4798580e735d3e89609ad5d49af684871342b703895a72a303cfc0e9e17d18cb61fdf600f213f4f65a4a006a247f8d88913a4802a90cadefed14f7cea3927333ce7067aefbdb77d5f96d9ff0aa3a4960f4116e49755823f438c1b18f4298b497275b34923054b08b43eec8ec8f3011241470837f9ea952bb6bdbdc3fc136d635046b8e9a69becd8f113363181f1f1f0b6f0820a674393967a4294e1f4c9d0411cf0abc2e71313a7206de25546e5a7b11373f6a58f76888e8f5c57565c52970b49e50ccffb020976e12ec5a1397854d41e5239437cdf1ca472de699466e025b929e4250b1c129b131664f485e62ca803d2ef89c7abd62f079d1c0c0b102b36d7a0203ead81badc0a30031113a4d94b4d5f2735b0b1dbc71f4a9910a1ae3e6bb4ad452300a555508249ba4ca25aaae9c04b30c34c1a4aee7d032cf3002899a99ceb4133c06a00ca7ffcf871028ce313e37cfd60687fffe3f7dfff9cd2029f5303bd78f1dc8d8381fd716683791aa81b07ae0f462e400673805cd306fc19bb6b631f8dd7ca5be02d6104f85bfc7e6a728237f9d2a5276c7fbf6e7373f3b6bebe6e274f9eb41b6f7c992d2d2e33b415c95d2d62cc37e9f9443a0880418b15d3c40eb26fd254b24208cc9b1cf5515aa88f79607757e469f2a2793bda9385bed262770325b8e113cd1876160c39ea93215d12b362929873ac3c9257559b2d2af0851389f78c5e55110c005a1532cf224045030d3ddfd838529c9fbcacdad25c12c5655462fe8c4651b8d036ebdb3250b0bc907f6a3c85c8f25d8a692b8c8fba691af0c4014d12228b638b5ee9ba4dc9d8443041e483f51279bfce3aca56da05937a62c150c957ca4a944f3976ec381bc0012c0eb3e1552bdb777dec639f7ece08f6cf9981de77dfbba60683917f9399bd02eb5179a73c1712fc718e5128112002425bab54189ed5e13551436bb7add168f8eb2b64018d8d8cf0f7a883e26b6d6ddd8e1eddb2d3a74fb3c56874743ca929207653d7881aae63a442a2efa549d0de5de2a4759553143af2bf3000ca1b398121ba5cbc374a000c16914b8f44bf68d2f82912d67da8ee930cd40da1d0c2168a08d1580dbe2f371b9f8ac62e0f76cea8f93bd0cb229894a450b81bc93b3204a63afe9397426c2e0c100f498b228aa1b17b18dcc310260f4f794c8234ca5589e252051fa94a23a9e113d96d77ac4159149458dc6b3aeb8ab5d3187118887322e91724580a6328f20d56438cf1b182bb1b355261611e75385b2cb627ae116ce4f0c62518e9a41d3f79928486da68cd4a56fa8bd1a9ce1b3efce1e7a655ed3933d07beebdf977b361f666dc588622e84cc10e371c90cd0303e54edeef512f08ca7bb8b1c85ba09943790ee76a020c80f23bf2209457b018c00481519e3e7dc68e1e3d7a6070ae1c426ea0f49e3e9428c0a11c39cd0d34c085e45be238517e7123552d545cd7849012c1750f1aa310bc942231b3006022cad74c153277bc16121e94c654180b88eb8037e208c4829c0b288e3054e6d96446e5b22081a626e5bcccd5e4a172c041c11ee61fcad1a2ec9f0cd80d93a7e89f43e328e0fd720f8a7b19f5618e4d049dafd9e4268befd1bc4d49147850e8f722eff4c9e1546620b9a1ebfdad0509ce30d282b62fc35f9f02aed4498a17dafbb42986327e707795733bd9c43f370d94462a03059888711f67ce9ee55066d4cc4746ab9ffbc55ffec88f1cba54cfca3f9f1303bde7fd377fd8ccee0da90ae409646c8035c7e1b79a3086de4ea8ed8d8dd4ace7d0bb10c0968fecebdbdede1ec361f47082488f1b8d6ef9f9d9391ae70d37dc687373733ed53ab8b32acc1443dac0ef68aa01c37b613f8cb668a0cab90af9ca010faaf039461688db1afd9bf22245e9c8a281c65d559fa3f77b522ac5435c5764086f14212e79c7017ca0488f7cbdd1e439a0190035df303ae467dadcd414ad7452c4f2a8cd3e9507e54776f43adfa4bc1099ba78741c440cc940e13d5db84c344795519a4d48d434dc48e535c9c70592dbea500645039abcc1db012489afb9813a993fdadde2f968222709c4a38818daa4460185b6c133ce99584e46791a03c5759c9b9fb393a74fdbeada1a73d289f1b15ffc999ffdf9675d99e15937d0bbefbee59d960d3e93006d485e0212af5654db1b0c485ec789801c0f6adf58ad4aa304f48e2f10b411ca21ccbd7af52a39b9f0a0609ee086a0f689fad54d2f7bb99d387e82ad630af11c890d80a8407a0f7a1c1929b4c410e772a649bc366e5cb06fdd9a95cf289424799b06aaf0560618b295026bb4bbebd80256bc9412755557401898e7aa58503e80578b4900144113965d42144c86cde7e15939b5adc6a844069aa51093009b7f2e4dedf4cdc325470e1b69e4a5c572e2e1393269e37062063fab8358d1b88ef63401444dabd7f719f5d08bb2834561ad94ffd4674ac322c1018a0d6eb45e720a65c1b88662578606b2725786f2213ae6bac8ac0a48e0be109a873471e0df79285f860f2dd4c9719be717e6edcc75d7d9c6e62623b6c9c9f11fbfef83ffedb3aa71f4ac1ae89d77beefd55929fb53b361398594c454306bb3e4bcc9017349847130c08a6114206a5940705bcafb50f71c19a1d15eb97c859a4110f742ad14c6beb8b868274e9cb0ebafbf91733b13bae9b9047211e414d15318fc592cd080d965039ab3c2f70c03f55a5990e36311ab1fd40dd47f565fb687af34d43cc4a5465032d0a2717af931402168ff049d2f6833891f9bb78745f70c8dd37336821b25941b225a50280fe414201a16328bef8cc873a2441021c2d3784210bada7e459c3c511031a387e5a601c31299205acf747ec1a29281022fe0a351b7660324056849010ceaab713b94177c1a1a735274cc14ca29226ac4f434350584b28be6a7f6e9c9431359cd0339f183c0116f75dea69678cf5e5a13d55343b6588663d3bed6edf2ea0a9b2fd637363027b63f3a5e79dd5d77fde4b3a616f86c1be8ff6559f69a30322ee9446dc5e46969508274c0a95ced8e957d58103c11c2365c482c1c7067415400924bed20a0b3833ebde9c6fa869d3d7bd68e1cd94a93b153ce49e81de505af671e482803c5f31a6062d23871c1bda5d84b51169257fe4a061a1e4563fa7225bd5cb3283a530e8952a7f99939faab84363c84feae68006110027fd8da2cfeb26f8741598471e241b2828f484c3b1f9a139c64cee7c26d8a621c8444711822c976c32c1a288c09c59d282521c4e5f9b9c835c4dd6098087169a0c01648ed13118174bea2fe1184b2298fa2baa8ae9f87d385e9e431ff85755fdf1042619093cc931aa05a1535f23178cdb9e11641226dcedae4526db5a4f50a9e2e84c86ebcf1462ada8f8f8ffed95df7fcc46b9f950434a74f3ff387bfe38ef77e222b956e291e392deb287f92be362058d44728c3c95b7a8e0467bfe0407951300e44501d0719915e48966c11b93dc3592a6cb2f6d507fb221a47afe16ca08281a620d8c31e2db8dc83e6461edd9fa149a47deda93c686ea0ca41e59d5cf8d9d5de83bc7d20f775f6907224f7b61ea74569240cbee83d43238853d628018cd2913c79787b8693ed360d3ca1b105643a9420b8f1a40b90f375f91c8193d86af34d4639a68c4be41285e041fb0bda23bc258c122011bca85845ee35b1397b8b5acc0fa5c818bb5962521a8c140ca27ce38bd92d0280a4d410de5542da3eafb4e8418b294a21cd88728b1c481828aea73aa40016290a1ad8ccec8cbdfce5afb0eb6fbc8113d6cb95ca27efb8f3be67451cfb59f1a077dcf19e776459f69b5c2985af92b079bf00a158d7b70cbb65ab2d9202671a0164c8c5b638761eb42bce9a54d8889f81fc6254206a55a0f64d4d4cb977cb8d8c489ccb963cd5878d20b5e83ca2ac928345be380b7929cb2ca978181ab91e6e39a7b6d8f84cad5aafef916420f6596a570b6f2440449f3d7950f71e39f2abb82e111f0a22d514097132025c05c2fad0ae8d5a6ad403a3113a3c7178d0d4aee52307f17b7a13f54baacce4de3cb19248b6f7a66d72677d8e0b0d45ad66cdd64103e580250f6b11c686f66e0e12c538c3606679f92ae93be5d3d314fa3a5aeb4265e15d2580ed848be42add17147a725527f7e9e78ef2e3fa5140ae52f6f30389a6ca66efd77cdb6b6de3c811b52a96ecc76ebffdbe677cccc4336ea077de79cbb1a1f53f9f59068680af427d8bea9cf6e1205f03dce810812c396f924ae7dea4ad799e636404a5717f6400417c7a9ca302c1f8585e5ab1911a54175216e975c2a2d6acd67cd1ff1591599f6554903691078e3c55f6e4a306b91c035842f88347e4435e388ff2488c08a45a80ebd5468376d457dd7bc7428a1c89848590d1f445c6f491c8ac7b2e479f65803226a199da0c53589cc6fae562dbc9e37302599e97c63a0eaf1de15e3c9fc2ed205338dadc2fce2d4df343d12baa16337873283032c4f5da27bc9f5841ee0143049bf9a4c2647acec2f8c314f20627b7f81d23283c720923258ace163b4f19fc5e16ebc462233979250c9425417950911ca4603f35356137bde2e5f6f257be92fdc9599675bbfdde99bbeefae0333ab0e91937d03bee7aefbfb0a1fd8032b5883655ca1058ea28291a829cc502ed213086e86f87036b3650dbec13296373365ac8a0f48e3633f22d45cf037a8b7181a87fce4ecf5aa55cf33dc1090925d50253269527558754856478fcb58738c93003244adc5c1928fd857798e8a6e339d0e894df900c5fcc415dd899f9620c25ca5d7021af15f68c1c4eaf659c5b20d13b120c2fc1b2495c4f17310ba7ec1c5e1ab71f0b57429ec6c3ee68192b282968cf49a18123a45ab8885a826c1f1e3fbcaf1067b499f9b843e69f32cc98e6cd79a54e38c1861ce404ce71f55a658c8c08fe2d09f385dc348c384a5781e646ae193229c1344a9eb5d0aa166530d63c091a3979249427a2160a6031c045093c3128c43d191b1bb1ade35bf6b29b6e62b33768a65996fdc16de7dfff8307c2c66ff01fcfa881de7efb7b2f58491d2a91b545d6226b4dc0bd3238ecf2fd3e1bb4ebbb7b0438509e00e7163926643269a0a3e324bcc340d55c0d75bf0ae7a880d48ca147f8b95cae9205c22e159f785dbc3e5eadf0ecb128fbe567e96e3ec8f1010ee96919ba76d8c2246da2af3e47c40d54861b9d1f397012b99a481121e55188b9824c810d809e43754b11eba3cbc5cb2d94b104355171499c23a98b2cf9e44a80f2a09e3e2432bf9f5741fe3372dd087575c7f47e0960c2b10b6121df87049398152a03950e2eba9264a05496473f2849f30d464c217a2d8eadf2485cba989e264d5d1d97c04fb4ee450381631545fa1f3745de07f5a20670a4a605ef25f56ba3004f69986ab95a9f0a734155706aa8773ee94e69971f19add9d2caa26d1d3b6aa7cf9ce5ac52467843bbfdb60bef7fc63a5f9e3103bdfdf6779e362bff4730f752e5ff49ed3cf9ce4cc0082159bf6bbbdb3bb6b7b3cd2e9518da03223c8c0e2598e9298c6598e0612120a6a6ed1a255036373769a013e39314a88ec6eb52a6ce0dd50f756985be2a2c8da9d5f962d44d89124d84b2313d3b3015d64cb19144e934d5e03447247672f6763aa0a1c5eab3504296c3515e2d12874c53f70c753c0a53b0bb9a92160af33e098c734de8f9f59978ae647f443d36d7ae953652002c0ee60479dfc3e208778b61ac720267d7380017ef97f491622e2989fc6ea0eca481d282cb9aa05385c403343e3435b683e326c4b812e083f3c59e1d9b9abc677a84e44abc3631840a42683eda306aa9b981c6e843a1bda1cec042825fc3d068ca4b6c62122162c38386ecf9786da4620b0b73b6b6b16a1b1b9b94d6999e9e8171f7cafdc10db7dc71df3332e9fb1933d00b17defdbb960ddf9cbce7216e67f19fa97a881bd2ebdab52b576ce7da35cfabdaf4551c538fe6ea6a8d13ab666666532901ef313a3a622bcb2b76e4c826772f74c4c32899d0b3c7d32790b9d70ec027bc78d42b73d38dd6b25cca241927f34e191243e602bb26b01ce5a01af72ed94d17090b8f5598abc9ce8f241a16dd30794d35bd17e86a5427e82403cd696a017c103ba51dc5f9c6420a5048615ef46c7afd2f9aab53189d977352d411652747c3839914069abc7474cdd0d369f668b4bad18342d6040f4a9e88d6d7864818254fa2a9dd85ad2397a4f7532e597c04a81493cfb821fa758fc14b29ef8cd0dd9bbba55ce8f92e7f76a0c8f1848814c24f46b4c441cf61a4be6155ab659b9d9bb6f5cd7532d7309b747d7d9365beac649f3b77eefdcf0815f01931d00b17def54ecb869fc9c3c9fcb001f547a89b4338026b60a0572e5fa29172680f74706d48039d9d9e26216176768ede12b6064fc40148e3e31c7a84e65a90136890c38cca09f0a4aa77e5f919cf23de3c44b3484c281a46cc60c9eba0454f8a103c75bfc4f19c83cb0513a1250dd44b0db1ebb35ce0a19a8b3fe7aa7ecaef3845cdbd3d16057492b0ab9331154487a88b06e9c11728fe30403416efd3e2f49631121a848e476e5c6c7f3b10de0618e63794fce94273c301894edf80f2414b319049bda81dd736d6c43385b9c01c5017057ba838dc37ef5011a0133d9fe2e8e67552e6a1315394e985835e89a115b4408f4242702c9569fcf72ccbc440e1a8d10b141401422b48f742530db49e87e492cfceced8c6d10dce930591667d03ce62d9c5ccb21f3f77ee9e6f9865f40d1b28ba541acd21dc5f1420154e1ef2a08ced0f60ac0a38619457af5ca691a2d301790b2ec6ccf4b42dcccfb1740263d5e09b726a37c3f46b18e8d12347d8a4ad42080c7484061af9539c4b6a1b73142f1aa9f30aa7d7355d5d21794f76bf28c4836e9294e4a483e3bd69342a8d228cdc0f399914fc34f056c61963e945fcc7e83d859cb8563046889da5eb365483358e8a451ddd219113e65c522d24e54eb1b854c20a5457a1ab42ec345dcd49e911f63e958186bc4c20ddc983babc658c9a487da71c09a1cf49e4d50d149f35541698773217156004c1f10408f19c94f3464e18ca80f2a2318a42b3cc944ee406aabff3ea54f4b2baa107021b5c5f32a088f6a25c25b651ba866ce2502e8cbf4379a952ce6894008df05c05063a376b9b6ea0f85b0862832c830e189cde7ebd3f77f1e2c56f6840d3376ca0b79d7fe7af66667784f73c6c97873d288c54c6eaec9d419f9a428f3df62855fac02745f3f6f2d2223f304a292029605e27071b6121972b14b246ef27105c8049682103928a45ce9f23d7444926291f4481c58bf0a10fef6453dea2c4d78dbf53ee4a23c54df2592d21c9c9d747468b3037951d5cab27767e6aeb083451ef63d40035c49692a0959a8eef1b99cfb54caf0f70a6188ac52e9f1b68debd21a32bcc058d05eea58b62b70d8fe9a0509e8341c1300f3ce25e8631470df48081f6f539b929515253943e21ba6a1fc3380f8a84b14bc945c6f07a0776987ea0e13c48f3495dc1bda80341f2e4050375bc4169871b7a78559f20aa3cd743e71e725dfd1c005184b5dc0048be406ba46ac0d8a003c946c83b3b1f063aa3d7952b4cb7d6d636c807cf6cf86be72ebcffce3cb2fcda7ffa860cf4dcb9b7bfdeb2d2bf95b7d2a1024c493ffbb3791d14375d4439c5b843dbdebe668f3cfcb0ededec90ac806e1684ad086b213f0124175a4278a093003d9958cc47368fd8d6d6519b9b99e1c5116622474e523773875ccf565e4f405c71c04e62b085e4073da6abc5d137fb7c10cf43429d41333de54903210eaea8a86ef978bff0a06c506e36b95863c299ea95429ee37c4306060b0623fd58334ca4f668a016d415f5bbc4354ee3e2636013c038307e42e93e2739b08b268811915e17081907c0775f5fc5c52fb4540a08f2700a65c3402548ad738f3187daa4d47216aaf3fc5ba2b33ec2c2c356a0b8b9fc89e7b6acd92a1b48061ac6996ad35a0389aca04c3d0984f77b382ecedbbf472e5ea003466518fdc91c0f61887414e6962a255b585ab0cd23ebe0e4265c746c6cdcd6378e90d586f5311866afbffdf6bbfff46b374dfdc53764a0b7ddf6b67f6959e91fa89b23ff0ab6892f5dff85032d5e6427abc80d0992258f3ef2b0d74287544b808744f20d23451e3a3e362ee0686292a31e6ad5113b7deab41ddb3acac9d86219316350c809e585d4d6a606ed3050611fde2c1839a83f47a85fd09e6e847b4895199c3618b2293174378adfaea8a0d1832a8f48a2c427597ba8cbdec73642dc0270c38ba1105a51422ec2cd01bbaedf2327afe239d147bf833c575f3cacd306cd3046f6f9446c78cd28c304c58f61b6373124aa5b71c3f5105a7c88a267cabd733eb2c1a76e53c81ae484dc40e15135cf151e14401184ae1ded65b87fd040496070f993087113cf36113b944ffab24a8b3a080909288b328eaf547c24cc9305d7178fe2c026e217ac75ebb83050e20ff4a632d04ab56c2b6b2b0489c627c6928836d6cbc2c212f351186b66d91f9ebb70f7f73fe7067aebf9b7bf251b0e7f47050b2d96e25724d3c531432a277849c07d2e2ee0e54b97ecd1471e626336bc27a854f0b20087a6a73558179c5b20b928b3ecef35a8028e26da634761a0a00142dec2674b3a63044dcb0c799376ad07717e43a549040feb735828e7982bd9292ef0ff7117154942c37cbd3b86f4b76861cac7dc936450100fe302768e2a16290c1425097a9a28c4f7055ae13322ff8437156307ed585024687131c6b80acc1355f15cae8f1ed4f3d0d4821635ca787f07c6a2a442e0080c2e5e2307a88bad7645e5848281f2bc82dd53f0a0414a40aa124a0a9d8eb48784e82aff3e001239193ef5787a1944a30a9da8e021305162b284bc2219a52737d83c8ed3bd4e29472e15ce0f89bf47fed9eef428b9a20e181fb69c0c541e8c1d421c4695770aa15d726d63cdd636318049bdb75ade68f71bb18d8d23b6e4b5d1a1d93fba70e19e7ffef518e9d7ed416f3bf7b6bf30b3977b6a9d0abe078cb4e85563a7c712f4785034b6a15db972d91e7be4612e6820b7c84fe165e03d619c782c2d2dd9f4d434bd0c9403a6a767edd4a993447167676669a0692a97375693d45005d0121a3d71c33cace3cea8dc4f047c111014057ba7033794c208bc0422a14606e4d5290c9e37117d4c625d517b74d2bc1b28654bd80be92c9b028084f70a22066eba66a2689235b8ac383ef21b3ce0453960383c2717898f4300899d13b35d8dc10df420b5cdc9124469b5a073b2b833c1a88e926f5ae199e2b9085d153e17c03057bf80920287fa52393e0cd473534411c1c12d900a62468c7ee768ae8b5787074d754ccf2d93fe6f019597813ae7dbe345de5f6fb607828bf9b1905ca1b44a90470e1b28d649020a05c4a1297e7d63cd96569725855230502c193897cd235ba10af817e72fdcf3cae7cc40cf9d7bdbad43b38f1f086a0f11e39f7c32c17609f57d87db6c489504a8c3a3ab65727c8c2c93fafe3e435acaa14c8c938c00a008f927c0a0b9d9793b7efc841dd9dc14480452b8cfb9e4ae8710d17bf9b0a862dc1d721e51bd3c472d8195a40667e680e05d264fa44427795157c7084458808273733d32889ec4d0e5096a5f306e805a0f380e41a19e905d79179c1b220c7967ed14f1778104e36dca00cbc0aaf20722058d761789821ec23709d564f34d23d1139d0b4c838d68df6982b9909aee51bef1795a52286be07326e374c54179ca0248c4c9db1af100a50c7c768a56a3be7bb8de195d289e1b8781069b28f582a67293974398dee0e1e87a707ebc6345b1afd413c248f127ad960c14d800891fbc2e7a4dc255b2a1f24f12e715454dcf4cd1834269816a893e1a246449b196202200c0087acc96d96de7cfdff389afd548bf2e0f7adbb9b77fd16cb8f5f51828af5381b0ce320247cfb5a9a600efd9d8dba7ce2df250945cd0c982598e08fdca2423546d617e9102619b1b3250ac4dc2fbfd0143c36849c32de3b0588a5649988a8b3240a04cafc5b1a54eee400dcb1eca05d5c5915755f463ccf6c80d94e0497499f884ae68860ebd5c80606c2ae64c12a1b91838c4c5dbed3aadcef1339f258ad7c72c17a08e580c98638a92526dc43717966442304c861d217510dba3ef33bc4dba7f4a2e79dc94ab7b742303f5a144ce9a0ad50875e8487b5606a49f39469039289843d0be559985f9279413d07a0603a50715858f9e91686db48945a9c52380c4228a296679cb9b22ef9c41acb639c7190a8a0b');
SELECT pg_catalog.lowrite(0, '\x69038b511130d076d7f6ea0d6b79674d1196717db894d762d201425bf484ce8145b4becab5892826220f0168bab228050230c2948352a9fc37e7cedf7dec5937d09b101f6c3900002000494441546f7dc7dda56cf84b4fce379fbaf679d088fd5f311d2c093aa19791b114c3b9169a7af7f63472707c8ca30291832207ac96aa363a32660b0b8b9ced080345c1180684ee7b5c201a5cb59a244240d2dedbdf6707858024670b792b5a0040307cdc001a66056309359a10f9e061f2bc36e4e8002834003b45ef3019207594389a19c386b031f1679f4b22512f79032e5e0f85697ba58c7543ac0684b823e0288f687422ce39708000ecc2eb4811b0506e7171ad28a768638170981abe59a8f7f2845ac844ae0f6f1b6ca120ca93f050e8018de80186ca28a1a7e8204a4c92dcf47e50824005a1ea948f06f5cf0d945cd97c40313c6bb1761ba17bacb720412550379c6b9a0620999a56a76b3bfb756b14d7c6012bd262c5ad06780706110c747e5102e9a8796ac3c7e6e635e9425d7a617199f928a9aa36bce7b6f3f7fcf2d762a45fb307bde5d6773c6c365c8f371136940b6fa585fba4b328bca61052e54189b8b93050f034a1228f858112cbd2e202f3505ea0729508eec2fc12a5103737366c666a9ac82b16014e27e6ae60e100a1c3c5dfdbdb67b3303cac287b9ebfb99a9d9e53ef1f5403476af24efc5e033b099e55a322a40aa8afc8dda2ab428b588f5cf22327091038e24020a19d34506fd1a2c74b7cd93e491c0a0d5b0464708e1c7d8131196363bce9981e8e1d3c480eaa20ea4b0624f98f22ed8ff5d4902065511efa471a4711040d86c65c6885fcd38d94650fa801464fa81b67b48391771cc835bda7687e2156cdef2e18c6d483f29a1a17195e3ee7cb7a49e8b08186a72a22cc05eb4cb9b28adba95b2942516cb880e45a5d19285ae0706d435c2e2d5f064a882e240f4bb24a39b399b919366a80acc0fede244beaa2657e0020b930d0c52592e91f3e77feeecd67cd406fbdf5ed770e2dfb95c447f39ce5b081fad2f52c20fe957b1b1971d1b722ec459caf850dba1f95c69b4d86b9cb8b0b2cb5a0a58788ab9508659f3871d236d737a8914b4001a258d03b62b8974914b9dde16c1774f103059511234444dea0c519c6191e85d28af0502323acbde23b36051aaa737df9dac2e748796df234ee79d2e80617d3e2e27509511a29c23c2fc03ba19ee597601f917193e76bf49edc3c4639521103a198933a5aade594a3976acb2a86a86ebe9ee706ad2d063789e316652249d2445e45e3f7d0592301a5791ba174919b1b462ae3540e8a082644ab398e90462cdda1dc405dcbc8d944e1a589ae7b4fa78c57612dbe8a253e3d916f527a8de7a57ec33861202b1b66d834318d9d1eb4e13a468e03bbc1c97baa6ecf415ba4780f6d6c62cc8e1ddbb2d59595d8aab9f622ca88d58d4d7f691984faa3447bcdecaef3e7eff9d5afd648bf260f7af3adeff8ebcc86c78b078fd8fb69dfd07731ed3271390f7a5de8e086240a2e3009d5cda68d54aaac73a29482ee16357564b68c110f274eb2617b7c742c095645b11e3b317669d44ce13939d0978ba9af5c0b258c427fa408f63258dc14784c1824f20874cac010708169a42ccd84c6913e4778a8c8f740962fd60ce54dfb36742324824bc68da68211417c8a72053c15dbb3b8b974e53d47c66c646c8c23166ba3a33458e6dccc85f4199817e21c0a5293d1ad21b53a21d0e1f1e3bac1bb23370690a5f357c8ad0d5586af5c316700e16fc4eb75a5c0a039d23b6a83098d638e7bf0a9da31014dda439da4894b4fec1e33881fc510bd68a029b40d90a060b4fa5106caedd40134fe0bb4d1bfd582adb73a3450ac1531b5548f961389e66d261c222b90f23db4d1d11a5515b0fe820299f8df87760ccca905a23b3b378fc37ee1c2f97b4e3ce3067af3cd6f7fb765f6c061ef973ec801abf57f1c38d1e812d19385766e0f17b55b138185909583263006489bcccdced040073db16e969757edc4f1e3a4fb8d8d8c39ef35e43e062462236ca150322e3e6b8c82c863f06b8c48d0828b695c5ad46421e1bdc741359c26820c8380478f1a65527888e14b408b4108a0b6923c3355e6a37b2588eaccb9540f44b3409af74980c9a77b79e333eaa518b148f611220493071d9f98d45845f4c9d6aa02b7a206ca02bf44acbd3877a08793087744109eefe23a23a2803631f575a96d8bf0b6c7f59ab48e38944839b3a87e2ee5121b42a836784483f09c04f9a42eef7359f8bc243565a03199dbfb380b062acda1835a44a147149be061eeb740a3586bf98c9d28f6620d61c5d59b6ddbd9dba726af2284d014906147f904d741544fb0888001546d63639d129cc04a22c43decd2711ea54ac5d6d63789e832ba1b66efb970e1eedff86a8cf4abf6a037dff28ecf9b0d4f3fa5810660929cbd7e28da67ea1a915e47ea22c943dd787ec0a9da2487fba841e8e6ce80453486445b4c1b0c49c2b0d528bf2824949a393af4019d23ef0493058b00cfa39c129ab12a5128cca597c2fc4a9477ea756922b97745883b333dc3f01a86010345c81bcde3313a317920d62cdd40e1a110063acac93c2f9a8e79be283380d9937b2719a8583804595a2d6b34ebded12222063a76c630fa826315011269366622b33b92ccf01d5ee3d08e4e038551736c848c98448fe1400aef40571dd4818767f586438990038334a190b5c86b4d439d3cf70ef1304e328307051b0a13cd38275443942808062a1f3e27f3f040705d5f2894f89d14112091c4c3f21a6e31d48dd4435c6c99a81077af11bba4260c144ca5bd46d376f7ebd6e64619447badc564a01458efd37b82308f666dac9dc5c505f62303ab88f4e880d1154a4153337324d2b32b2bcbfeeac2b9bbcf3c6306fabe5b7fec1f66c3e11fc8389f14f1e7a5e1a7e86039781285c572a0add24b16be9bb35fc01930c887382889a1e6387587001401ba865818f449f19cca149200c18ebce7ca71b8d06200c5f46d8483aa21c2f360f763f8d542385cb79ded1ddbd9d9a6bc270c1b9e13e1f5288801e50a4123005618020cbd24b09e586f756651e44c112a07501339651e3a8a802059515d25858ff0245ea240fe09c0acd930883f2b1c15200490083928c62ab2ece2e7202f206025a21b4677ce8222f11fa01284ad0bd4409c038d8c64f60e595ded668be7a36ba85e589c5b8cb2c7f9b0ee5b503d600a1b0ddc2c1fc98332ac8571f2f334390a02c609eff8240fcabcd9c924ce350e413149b8487d41061b68ae97552234f5b5a430d70dd4891c92d42c7123dfab376d17f36753c4914fa953b4054010e7821057063a3a86a8a5420e2e245f2730fdac38ad2f167dc1404b95aa6d6e1cb1b5f50d452396fdc3f3e7eff9977f97917e551ef47db7bee3f7b2a1fd903e6aa1bd21df9f0e907aa346f8e4378f317f0e12458b66a15593c93836018483f03c5dcc6ad1b024d0fbf08061cccecc51ac1a9c47184e10af71c3e10d81dc6201c1630af0d1f05e84a958e09173924e07e6122679435499f346afd9c38f3c424305da87ee1a784e1829bc288e4103c1716b783878149ab309c0d08d0da355d9a1c3f3a2632b22be1e1a4633370c9a1e07f92750dcbebc32120048bb20f7c4790020d2e2505b5c187a5e8ff39c9a2524186549aa143e8a30b5a845cd15460a59126c708da642651f17819b9c834420fb7bdfa6b7824996525d20f4a05d0cd255ef273e838c5394459695fcef8b2d6594caf4511951dac16709904821ad6230a925e4e2e0a91444d4569846d1404bd0477649181828a43e77f71bf4a2187d88d7622353337fde5f2b7938a0e74072e141476c64ac46c9cd959555b28584c5a81eeafff130d249fa66363fbf482f0a5cc3cc7effc2f9f7fff0376ca0b7defaaeb303ebff276aec846d3a6010e16eb44715dfeca98c3446002ae4ca45ac0ffe1d7279b27b6d807923f506115e00454b8b8b363535c37002067aeaf4695b595d65d8879b8e1a212e2e0007e495305ce4907828b4557d1421a21abc231417252c26a8c1b841e0ffe217bf60972f5de6fb639380912bff0480346263e322f0233786f1cb236bf237799905ed21f24a9d90808515bd96f4424e04102022708625228492d1ae056f1ba585ac4c0f3e3a364a2fa8202e4a3ff9e4eea0c3c1b0f0b9b93955057ec15053170c8125a1e0a123544759aa5e579e9c6442c53a92d794ee509456822cafd20b943244fb1387580261086d4116015533347105aa89d7ab999f8519aa4eb7946282977ddc23222f8ef211230f82544511b5b8fe3054dc0f5788a747944745888dfc531e546331502508341ad7961452ea148300a30ac1e818c0c3319b989c60248749dc427b0fea26479e47f0c98c8ca2cdf523b6b2bac635d22f55aebbf3b63bfff3d319e9dfe9412fdcf5ee9f1ff48717d9891f82d2850c536d64f961d24fbe9b17df4089fcc1d71e8e8ae163d53d50b25eab653b57afd19b2e2e68f627745f70e3218372f6ec7536bfb8c81009651935fb2a54441801a3c1205618288c33813a5ecb8cc5963cc100e012c231f52a3ef4e52fdb5f7dfef3b6bfbba316b9fcc331a404b20b02056a616c8d9b98a4e1b014e3399b3c9ac623a8ab45e509d105c323f9e20ab2b60b4027c12de66732146c46585c5106e2b68e85a1a1230975e516e8068dcda0525304c1fcb9561382eb799a6ea703544ee4472481392a1013571382ca0bb804dc54a82314838a7dba99975ea20140040ce59decff44a88b21492cab88f4ee5bb587f702cf421b38401e95b0a2a5da33f6e8aaf1c823750d39d12171a9f90e2aab641ee1c4606694e0b6f7f66c1f5c5ca0fbae5ca8cfa77a7320f4f8ec1afa55a6a21fa87ef0a010b146a84b1aa17b2c5e237d306775e725a1c5c5257a5174679965bf70fefc3d1ff8860cf4cef7df72c986c3c55c46326f37724c3a519b94f41c34587f4abf4a2bdc61ec43f550bc06fe800db259660d7074af5ca52e110c7465659906879008a1c5d9ebaeb399d9594edf46e894abc767f476684d8371e267a9cbfb0e276d4d7903f70e580032229feedc6edbeece8e3df4a52fd997bef805dbdbdd499d27f137304490a6f13e603341d901e703438097021309de168b5b63dd455ee7b5f09b17650bb53b0944c26ecde7bdc688ba28bb4ebc6f94753ce71ac7a2e3264962b9b8b7aa5fca8bb064342ac364ce0cde31dad530ce00de1bca01ee41493f44bec8f2549db97d68f4c689d3f01da409230d34568d020a7fe94139f23ec80aa234a2830435507970451b048b9c1218252b17c9e0dbc23c55f6509a14d3e01412c744b47eca77417a88a67dae48979411cf5a8ea2de68d2401b6d1047547e039ea0cc432051124aa7a2825a00c16e9b9d9bc1f024328926a6a4d9ac38d7a3b2c3508dff1b1b243b5d445cb87cfefc3d4b5fb781de7defad6f311bfe0e2f4c100cdd2370912631605f0c89809db68f1446ea92e41f40a1fa931d382e7f85ef37b0bded1dabefeedaf4c4a4cdcc4cdbc2c23cd93368b68592da99ebce32bc8071a22b21724b18075ec7192e6e24413ee7158c3089373a86e8e484721a2a86f6743ab6bbb36d8f3cfc101fbb3bbbde2aa53106b8a1102f434e8c0b0f5e26421eeca8d0ec05ca0a63ad546a344c3185f2f03684cbb4a895b7b1e4c2c59f2b32d08330f797e486bcb2d82b048780e2520e4688a87a3e73f096e12d9858981bea3ce5e8270dc68fc4c9f499993b228fafd73532c2f59002f80a038d9a6f32526702450d56216e3edb55dc5c00609a031a068a33d5b8fa5c70ccd36d1f5a24a38af2183e9bba7c62a68beb2eb1c405728a141b800c93dac96ea4608e45fdd76cbfd1b0eddd7db28920900d2323b2ed918742797956182678e1286741b41a6b71726adc46c7b519e379a9423e85b91d325688ac6f6e1e25d964387cfa56b4a70d71efb9efd6df1ddaf0cd9163a6b0acc0cb8c6520f64aee5d155e69a73d802b158c3220f130e7a8819255341c5a0b400586258d8c704812163fbc150c14f0f6d9ebaee7ee053202903d4cd4c6628461221147ae79d0737ad094d878deec5bf4064432014e49f18053bef7f7ecf1c71eb5c71e7d94e82e1ed7ae5da54784818a5d54e27b636c3a44a4509a81b79fc2771f49a1427ee2b5f8f509bd2029a753ffd615e2a559e42008ffd0b7b9e0ca3a90115c5c2c582c4c31aabce69b65f49c9c17eaa518cd6695be2db583bc064ce2844b6522650068068f9a94ed3ddaa07f2e727b1d513dacae00030deddb5094a071528c3ad705a6bc49a2463aafd7018f8c75c7bc89214a49dcb45c9e536a0c02acf89e5d903b044a11b8623d58c4923072181eca2b78b45c59505aca3e4b14518f630392de14cd0f1b3eeeeff2f2a24d4e612e8b8e8ba82426a779a49b5bea2103c5ba38b2b96533b3242efcdef9f377530df3a9bebea281de7bef6dabc36cf868ead8f7b62b854e7a47d6c7fc07deb482164cecf234d030dc30ecc29944feaa261f4789077d0ef2ed02f1dbdfe7246980339091409e87571d397a941e14a506dc0c782922bc5e068191c260044ce97c955be4b9592ed398abaf27360f61777933d0f1f6f7f7ecdad52bb67d6ddbae5cb9628f3ff118c10fdcb0e80281d431bc14de1b1e1cfdab20f5a337901a353ed95b6c15a936285cf3fa1f3c9f7e2924132481d441e29b8bf3889157e295c99356ca9235f191f111ce6361b166eb65158119ba012219082957478a905718253e9b40229459d40c10683443503d9bce4fca7af23829df4e7daeda04384a108f18e9e0ed5dc5b9299cd68d1a7888a041a88b1b8b5431e2330b37707ddbd8f65ce8abddc5f9bb177542052befd1684f80a86bbb7b75db0391a52bf49965278f10e9709c1925191a18b75227d43f5756970914692c6130b39e7a4ab95fa9b4eab1416eac1fb1b5b54d4fbbfa6be7ceddf7d8d764a0efbfef96dbb3acf46bd172a39c498153a257b124a2c3e63aedb9cdab8c209e6d842444160bb3198b482a8fc2bf19188a1fadfd86759a4dab38391d122858f408e7368f1ce130559091e19910c24d4c485c8c88aa8f89109bc7c9e2ccd1c2d36bc78df3027a1963eea2bfd15771e2ce02f0c0a2bd72f9b23dfcc8c32cc370b1fbc683f30a8163fc0c6f3fbfb06073b373363ea9f2108107adf802c15ab5cb9850160691904b8239da66f0108a5ce3e7c2e604e4932514f7acb119056b4a3440cd17c1976879c1ff957172637269cc408fc15e82778a54443550e59702c1bca1dcef6790e7c3408bc61a2526f26e7de4204b4a4f52d8f7066bcf3719367ae898f7b5bae670f4cec2806394bdcf2b25d7d7c3dd3078cefcf41c14bfdb2582dbe4f94825430a16c1f9a5f48d2b2e72a46366bcee2b2b90345923dd8f6febf35823fd389c7e2aab8abb273b420e0a2f0aa07138b43bce9fbf8713190e7f7d450f7adfc573ffa765f65d1192e9b0d87e63b1e80d03ec281aa86e68cee208e584b4c80a1dfac55a174110ce51905c481343677bf0a665021940be401a40b846033d2b0f8a850f7417d29c60fce4d3a5b5a29311322c2a4cbc0ef235dba5c427d51c13e58abaa63e29db432a844c981d73f9d213f6f8e38fdbdede0ef352460a94c4709e6e5622c304e1edd4b4b494c446aab11cc3a24811d5f6bb1ab9ba3ca787818561bbacd51d30d0263f1f432c8f1282372bcea9169e76794993822011800c8dd31bdde939412974b1697a55579dc7fdc76747f88873d33586a0997a3cc563d5c88a5c1e531e95c6e9bdafd400f25c556260c8991d388b04ce8146c165ba0d078d5f1107d79fcfea092f869a343ebf08f84ec22772eef235de4e072ae8f6ee2e890a5da0ea81ec17b8cbd810a2c3a968a01b9b6bb6bebec6d633d6477d34c457325022cacea09301663635396d9b9b5b8cae2cb33f3e77eb3ddffd551be8fbdf7ffe78b932fcebe24e50a83014e08740239d5feca8612abb3852218f11a0d021983cbc697856229903eba33da9d19297ebc9db8dd646985ba230bc756c8b835401c6c038e1a5c2732a7c73868b8f63571d520045ccec8810493350547f0c645a6181c637045736cfb191ebb56c67fb1a0d159e54ad6c3d6e16115ac36bc128558715a101392a1422540715f2a7c5a34237c2f9f058aac7c5646e77a1acb2c01b6a462a37124725c9faa15771e16d3f6692080d9506d2ebd42c4ea4d8756c010c01bdc5ef882847d0e451088d8d837a21dc0c6f332021046514a911085dcd07173922ce701365303564cb40418154b985ac2717c7e65bba74158dd267a6d01b27ed26913ff85af788007170dd51e6c226c9d09df5d1009e222dd3fa03736c7b67c7f61b8840c850d0b19220b6d61c5957b8d6d4443622b81b9b1bb6bab24ce1306e12aea6e0858174d97cd9d338f3fe1a5d56904d80e6aead825954c2353871e1c2bd5ff8aa3ce87df79dbbd3b2e1afa866929b293f1aff9d573ef5716356499c483c9bbf5d788603305721274df9ab1b28a8669da68adacdfd26176d18276a4990db848a37fa45917bb2bf8f3d9390375128a6c5e7921f314ebd2b91ac4050831c100b12e7099162d1f75203842f7ad5d320b908440f7f036f0a03bd7af52a5520e05dd4f0adb0120b06647b895067447871cec1f3c477790391f3d977eaa15690d1b908a2ae8c45c47373a542a7a38932877c510d037a44dce31b41e4929c669e1b68680501186a351abc6e7a4f2682a9cb478bdebb5c6c48030b56909423dc403d420a6008640bbc1f0c0606da660d541c65f26ffd7e883b5bc00b38eb260620459e1eeca1bc0713d719d4bbc48f46a9c43d8aba60423130bf8e24a36cef5abdd9a4babc0c5dd3dba2de8f75c21e60e6c040ec350f687965894011f087d80c698c5f211ed5a73a1cf82acc059a8b30d76c78d76db73db90ded290f79efbdb7feef7feb76df94ca204523f5f023fd2ede37aa1785720c5fe30b0b04f8f8ca73d83c174bb9281509fad66d810fdab5fa5eddf6f7eaf43ccb2b2bcae9e6e6a8b2303936418f41681dd4bec1c0151142f2a4644390172050ec9dfb123b463b96fa3375f3a45a2e62000c182111f48134152cf160e3744b40f3c0521a236880cf89bf8581e201a307cb081e9db03cc2eff1093d4f00698c061a9e16e7216a99eb28b9b6afea81225d886411e506912e22fd0864331abe997b3a8aeb6e86df1426aa8444adda2445a27f43d91f23ead9f9c3eeac8cf99548f59ebb02b8f20e1631b6d095036049d3b21978321a828c49ce29e6cc578e7018d04043b18f4dda49b0da551f9c241fa16d005009398e35e6ae96e708fa26bd1d8c5564765516b4f9e16211e9f57fa0067a6d0706da22701839285fea7358f139829c806b303b3b4df4964a935e5e295e67691d1df6813ade93c8029611e5dfd83caa30d7ec8f6ebdedeeeff93b3de8073f786ea1d71f5e8edd571e33476de93d0f4d2df348f6c0b1b5797b8126ca9f0ef5a6ddc4a3b6037fc8f2aa0caadbead13851c3827ac2eadaba8d225c04d8a215a7c5d66e932fbbb404b1eb69ee7428cd20771dd2ce403dd3ce8b1c94dc4f7ad7d0a5d5428a910c9489e4ae0f598e868adfde5d02ba1a95d29dfe15fc4720b8386ff56d76e8eda7676658eb8242fef4ec2cef5ef082b1c6a28f3306cbe22371e45d745ef8628781d223a3d656d0bf0db08dc405271db06ee7f29005ea93a39ff0b26a86e7e773757bb68281270b44b3a5b442c8744cf792812a6dd08645513027f6b3191ba131c016df9003f1c5a6a1ba2488f7aaf732c445a98568ae14e5a3a4a1be58f595c69e9ebe47e92e95d335b00aff0b0de42a543798e74ba309bf0f2352d424d2036ba03bbbec7a820767dae024889cd3eb1eb45ca6b75c5d5db6f5f5557271917f1e18d5a11ce5c9d6294cde8155df52ddd562f3c6c0a5d5b50d9f5c3058baf9e6f75f2e1ee44947bc78f1d6b799957efb20fbfd60987b98601039663a70f2b20ab10afc04df48fc7805b6bf3636efc7c305837a1fbd2944c3666d6d63c3177949025360a460f7ebf5ac562eb371f6f4a993363f3fc3f093aa00c85dfd4183efa8c6c92e7e4cd6f2303894f5725d1d182ef23318a2268be1112c19eaba76dbccbf80ea9207ec121fd1ada1dd5ae00df47c27016e8dc258e75476616d528096423b858730aee0f3ca51603608dac3c401168dd4678438e58e14b568d4663e870517907fbed0f1f9541f6ca4710c30a4e0204753b8184b9af616682dfe2d769080975051c0cfecb985662f3d914b9cfa70605c6b342f903840d0069b217259bf9e4e19546493cf9351785024b684d29e3f5d30062934424cbac2cd9bd224411a40f33debbe20c107ed7d68fbf5ba6d6fef32170d030dc9526e7cee0c51e7c4351819a9dad1a3476c63733d29fbc9a0dd840a9654342ab9b780bbdc99175c2d944110e6a20a910db3b7df72db9dffec690df4031f38f75b36b4b7e7bb01eb24b9ed3dc52ec1cd23b7b93c5f72fb94d73db8b9a448384de7f28faa2a0b9d3614fc4646c6a8e7c25da652b1fdfd3a8902cdba460700219e1a1fb333274eda0dd79fb5d9d9296226640281a6d6f58e0b2c8a365aa97afcae11781a281bd2911ce4c310173b1e80237472746d603d3ea4381f975c9f87dd14ae898b500f1e96860b1da4fdbd24a581d9a158f8409d813623e4451e036315a90228acfe4785c16a85de5e6116ca2aea44117b4861277e070350aa181438d50671bd63c1eb9c337acc30a60839f1f7e834e1787a576dc0e78af6b5c86783d81044808838a2850c9fdd0324015f917a0020620402823c1e4eb24f7ab71a30a5dc4fe94784834a91b488e23c62027a3889603771fa1ab001e4ff047bc435267dcf4b6ef49eb82ef0a0fb757ad0560b729b3991417ec223465c071e135842d54e9c386e478e6c68df08da68f264851caed09d258f1d42706e048564156b0168ee1c0780d96fdf7ceb5def787a03bdeffc23960dd7f2fc337f3943d943ee92af0b95be02be1b06a9cdcd41a3a732d2d454ab1d5397168ba9472f3a37bb605bc74ed8f4cc9c5dbe72d59eb87cc9ea80c601edf7fae4962ececedacbaebfdeae3f7bc6a626207fd2e7fc49a0c0ecbf44d88c191c30cc2678a66d6b63c233bb45542f9371caebaad402727adb7a83960dac63031300a37c50a04162eb506cacca7c2d42282c0e846f248a77bad6746d24ecd851a383c1a36e8bd992f3f3f3dcfdb18b8335c51d950bb344f497da431cf7205134804e92eeec70c168b0b1bc9c16584ed08f3b18aa06da9c14e292c4ce399d5d355177713c2df4240193402a91e3616c94cdf4a6027c9e202fb00c542a13008292228d3ea9f6496233c0721ab1d76005dd2a5f8b3593d0681f7d18d75b11841693e44f80f2e08d953783c72d845c93406060a592ab1ee21a997193dfded9e367479345341d1c360ea2c33588b48dd8a9532738514f60643e3336fe26015c499020bc67e1a8b4e3dc10709d11e6ae08cd7dece65bee58fb8a067aefbde75e5dceeccf549e7362b9bf3a0e29ef7c08912a1868c1d526b89ca7f49510aed876232cf64962d8d9314670ebe8715b5c5eb19ddd7d7becf127983bf8c8ca350000200049444154702c1cc2c1c1d0aaa5b2ad2e2eda6b5ef52a3b73ea845581aeba32204a06380e465ff73a7d824e9d06c806500d6c5a971ed4176807060af048a46db579d5add9deb1dea0695682b200ea7f2209047d2e2934c040820c40ed9b18d0849b2489474dd292de0e42e1ab57af50f5819eb0d7b3dd5d845c2de6a613e3e0f18eb18c84bc1aed7508954307171e35eab6e4da429708c048925891a0971ab7d5dcacd17f183ba14d8265151a9ae446c25099c332df75a692d3ee42e10f1c57440aaaa58a6f4b249aae45e319715c0892a36384631f10d2fa7840b95a8d5f90e691c2fb08ada9de10f92fc81f54d37341f1845047288d9c16009597cad80da5fcd9a969ae0681cd0d08f8210325f1421eb4b848c30011ad00109c9e99a4075d5eceb9ed3906aac5ad7a67d1bca21f55114cfa950c4cff2b6594420158844d766883d7bceb5de7ff3c8e72e0701fbc78ebdd66a55f12b8935b95ec3586c61f0c79633f38687f4f0e690f06b84f1dee2aa251110ca128d5e38f9d20f2f7f8e3976cbfde605159b28f5d2b0fcc46ca15db5c5bb3ef78fdebedc4b1a32abab3efb2cd5e52946be01571bc76b36bed46c75af5a635f631865de2c92070c38302b840c8d36ca8413a2b418fa765c3ac6d59a631f46a1046715a22c6a1b0a066f0114a89a06686389b9103d156493cc6043378405ce35cfea369972e5db22f3ff4903df4f0c376f9f2557a85e94988a5b9dc4a150dc2a232e2efd908c0ded62a8d18bfa334a90f99c57a137902008a16b38031099531b4a5c281940ed58d221007b72085cc9e07938287bc1c04f84e87a17be495e4bc62b0b24b99226484b107695d729a2a97a485297a4d0a61d52420b08702e56e90324e94ad5482c2ef21191a5f8c967c8237a56ad80cefad7c119d459d12d10feab7666411edecee3127d6b8c39ce89ea3e0ba0e636335024447b7366d7a5a25b2f082094ca5218890e02971016fd15a60f4e5756e2a70f8675c5c04f804e99411c8fddcf3d6b7bf2f69e71eb0ab8b176ffbdd52567a73d13893013e8d81a641af4f67855fd5ef047648cf66601b6b1b36bfb06857ae5ce3c5e44d46e8d6efdbceb56d1b76fb36333169c78f1eb5effcf6efb0a39b1bd605b0e38dd1a8e941a51e3d8828b7745b7d1a68731ff53ea806baee0f592758a0030a19e3e2a363617e7eca26a62a969511c229a4430e57471b9617faa3a400ef3a352912457544c46976d0447d4d7a8d44a451e0c6cd615d903341c46ec2b11f7fe2927de18b5fb4471e79840b757d7583a2690a4535d304cb1ca19158915a10a1088f1288f22e2d6a885b51f1c179a634582c580e0fd2c6a4866979770d2672cb61bfaa3c1b167fab253008392b726c8245ae26cfba2eeb8fa80f3b2ce2e4758fb8b560a33e9b1707f29cee708dc21775b4a4f17b610464d0f670bea03bc65a0d5026e6be78164be3ac8ed4f8f976f7f668a49c4f4a8e457841d5a3a5902891b09999293b7a1468eb12afa7ba63dc0ba6cdc2d9429e33877f0b291c0de972c27e923c55abddf8f8a4adaeaeb35e6e36fcdc5b7ff47d3ff2d41ef403e7f1294b4f85d23e9d07fdfa0c9419ed21b3557e07af0781b0a39b47b978ae5cbdc63c2ed5b1b2ccae5dba627b3bbb363b3565d79d3e636ff82fbec3d6575725f20c2573d4f5ea0ddbbdb6c390361b64d6ef0cac550743a96b9d2604b9e03dbb94fd87819641199c9b634e885066766ec2b212c2bf86757b0d6b36ebb687301428a8cfec4498885e513438d7aa90669960be42794e1a226e8a4a244c88bc7509a31bf0e935a3a5e30bb7c41d7d6f77cfbefce58768a4f0a25b478e124852fb56871e041b003cbe90599448a4f553af23af5219081e3f88fc42c8451f945a3cd844128b1e0e1596c2c1755cb48cd7da1b24c22345cb1e4b23de82266284f24eb09b3c0052c817c9669a48e5f7db151343083c21c55e670e704b2514078f9c4514626131cc98f54d84f58e5c87fc28ce23f17c1d07291a28f2e33d8885b1219d9f22ad4671aa3ddfaf94c8bd3d76eca8cdce4d3b7bc8e38008b783909ec4d5f29a358ddd63e1884463930aa014ef05035d5c84c6ee70f0d61f7d6f9a569f3ce8c58be76e2c65d9bf3f6c9c7f97074d00d057f49007cb2c7115f47741bc8ff83c63a8844e84d5a5155b5b59b33a458541c7d22c477ca872562625edeae52b6c4bbbf1faebecbbbff33b6d7d75c5daad0645af302016251018687d779f729d83ae59a78150573556ca6f78f3707574d456d7d76debf8715b5e5db189a9091b5ac7ae5d7bc25aed3deb0fdb545610f7b64bae30e7765263a7c1f634728e3992afe79aba630c7913f3c773d4689886a990fa462eafe741e4ca0e08b0fccd17bf685ffa9bbf611df5f8d631e6a4dc893992420dd808fb60591a2521cd238d5b503fa488f179d74afc5edd2a8806904b4a450f08eb6ebdcef71e0c212d396a6335f4b3aa51194a023877ce6471c9cd40b6b9085d41901e2c747d1cf84b060be90f4f0d14b6aacf32505c8587820a63e02e2b893ebf051b6ac878463d1b252fa4411ad6ab8d05e7a04d4ab44432b900e6b1fba8c4320bba590e87b8c495709fbc0b0af5d4cdcd753b7ee22823247172fde19e30795c070eb1e1446d1a1f2c3a92029dce0b5f792ab8bcbc662b2beb4a83b3e1cbdefad6f7fd870370d24f7ce0c2bbfeb68beb29b53abf620e7a88b0f0241b3d9ccbba4c6b6a31a3a241417d6e98b1071131dcd6912d9b9e9cb4fdbd7da16c59890b88b90e4097de800a7ce8d53c7bea947def9bde68ebabcb446f3b2018b431216dcff6b6f76c7f778fa1edb057b25e6768ad468fe16eb7a3dc68647cd436b68edae6d6964d4116b104c3e958bdb9634f3cf188d51b3b2cb7d4ebbba4f6e142b3eee81d20552c5ee40f30b80ec4c7f6c8d2414e08d649488cf0c66351a2711a212a217fa90910f4f2b9956cc902f2db6cd8e73fff797be8a187ecc8912376ece831fe1d0c21c4d0a8004066543e7f149e9386c3461027c803a02159434479a825c0381b4db46675c9ee41a4f2e81397783e9393d3363139c5309b5b29b8ca49b85acc2b09636bf8af365b319f986f399b296449d9aee50dd1d0778291864d6bddf8b2754e6e087013d9a5aa9e42f028ef480349a33d403944884a5498040aff1de89d2ea1a26bcb5c80f7039e93d58024915298a81e2c2c17a8deda3a62274e6cd9c4e4b8b471f9395c42a740e8d09cd63c2af4f4fd0089284a38018885cd40500c06ca72db307bf73f79db7b1e3c68a01fbce39366839b0f1b59e4a31190f232fa491cf0b65fc9580bf596c0ae22c126fdce41979877b2bfbbcfb0eef8d6717a24ecf26a0382f1228c6b5b0590f9c0e45deb753b75e2987dcf9bbedbd6d796addd84c833008ca6b51a75c3f1f068ecb76cd0cdacdfcddc40b15887561d81711eb123c7b7ac3636ca9df5daf635dbdddfb1461375cc3deb749a289ab0f4d2eda874833d9e8aea204a542b9406852780b10e817236eaf4a4006f80c2a283457ccf1295f8387ac2a764739775940f7913f32227876f6f6fdb9fffd99f71e1bffad5af2185108b54b5506c552aada8d13a46dca33b0335bcd0cb958c4768d50264430e89924f13c83636bbbd7d7be4d1c7580e9a989c64eb1e8bfb449e05bc859c4ad41eb5d8a010a1e2b5dab340ac10e50e910e151cbcc3075e4c5c6311cf538a5328ad44dd333caea264575c70b2be38bc6a7c2097d763458e16a4f746d82b8346c84ef41ae901d209a82c70ba36e451845e5321c63b7f528d939eb44449cd53a78edbc953c749d1e4354f337a0e9170887bb9428787e74f1958faa6e3fb12bf81f6b7b2b2c16b6f83e1a7defab6f7dd72c8406fff13b3e1eb8a074c31b33f994af4870df45049e6a94fcadbd4826e054ea68fa3c38de58e641919429b6beb1c8a04ea19d0572c14ecf457ae6e5bb3d12681011b3a6521bb1dbbfeba33f63d6f7a83adae2e581b32950d4875c093b6e881f777f6adb1d7a4f7ec75326bb7a0c383d0a3644bab6bb675f2845546aa6c3fba72f5b26defee58bbd766fd6b640c48298ae0f046f054f98877bc1772cf661d0f78febe4d8c8dda38f8b9083bbd2b04e478884bc148b916a0b9047da084faa24754db1779c22cc578d376bf6f7ff9977f695ffcc217ececf5d7b10e07312f84d5a0307203757a645264f0027d4c670b4a9ae44da407d4a08034f2d9aaf586665f7a08fdadbb36323ae6b44057cd23232857764828ac97db1088e2bad04f638e667814d623058c440b1e0d979e343aedf226c57ccd78959fd155aed0a1ce14a70672c3c04626123c2e421a15411ead4a38fc1bd65a2570a6bf175f98b5696c52681a603ead29005447700f8af39e9f9fb51b6e386bc78e43a204fdbc8a0ef25c3b6fbfcc292c87b19583680b43def8c0beb920528181021435b33f7deb5bdffbfac3068a5e251f32a9bf3e8ce6a640243a5a2283fd1a0c74b436caf87c179e6dafce9016bb2116710dbbab991d3fbac58966907e241daf37b06b3b7b76eddaae7558af34eb75070493b063bdfa552fb7effdafde608b0bd3d66d375cd3b5ce701368edcef6aeed6eef59a705c50018283c8e91c4be75e2a44dceccdab59d1dbbb6b36dad769348e1c4eca4cd2eccdaf8d484d54601ef2b7288b0160602a3dcdfdde5f0e1ed2b00adaed9b0dbb51aa079a0a89959bbd1e08d271f777a8a7538ecf4c82347c6c7e811d9cbc99cc78d34bffafce9d1c71eb33ff9937f6bb37373f6f29b5e6e8dc6beed6e6f13b1d6605975b7306fc3e02510da6dc8320cf2d691ea08b9a630503631773a54126877fa363a3165bbf5963df6f8e3caf399e369f2b5583dda01946bca3c59a34c13b911eec330e139953f066888d731b4e573429a453e50cc40a60fb98bb1dec223393e4174b5208eedb96f6a3b03a9c4852928fa867c9bc4858c683ff26ae4a6d01c92cca7363e80812869e0b5008a76f676add581b40b185439bd11d70f8dd937dc709dadac2e313aca79e879cd330c2e00dc03cd206e48896555602ad14c230e36cc1b5af53c34ebbdf5adefad261bbc78f1ae9bcaa5febf7b1201e129287a11981c201ea4d6a62707c8919f482cab6cab2babb6b8b04403fdebffef8bf6d0438f107584e701a7767a7cc2ce9c3a493494a129d0c916f2418563833e8e880967c8bd1059f5ecc6eb4fda1bbef3d536373b6ebdae862ed577f7e8811146c38b5eb974cd1a7584b925ebb421afd9b78dcd237674ebb8355a1dbb726d9b21d0c8d888adacafdaca91351b9f9db2dad8886595ccba086f51c261694212283050bed7fe9ed577776ce7ca15dbdfbe6add7ac32a600981388070b75ee70205b50fcddb54e24309647484e47f755f60774607862f729645b48cf7eafbf647fffa5f33847dfdeb5ec7fae6b52b57e94531f41806c86350e1006c1de58b54f303cd0d29c150aaf0f01a1858bb8f362b2b59bb3bb0ab2861b971a28414fd9c284d850e15f9bd3e2242b53c192e3d28e43833e1a0ca3f5d0f29bc0d9d9ccfdd4965166f672be0148ad83c17740498d583d4172a26930c5448b480210984c7346e1828ae23bc67070df6607181838c9a37465994caec8e1ac5ccceff9fb93701923cbfeafc5e66655666d67d5f7d57dfddd3d333d333a35b1b2c38b009ae356023214046bbb10e5b17de0d1b3433a0083012cb2ec2f87680c3e175ec860d36b2638dc52e9724401a8de63e7beea38feaba2bab2a2b2beb48ebf37deff7cfacea9e51132c8299a8e8ee3ab232f3ff7fbff7def77ddff70b6054abd9c2e28210f2006994f5296f416f611071ed7cd13ef1193c7367f195ddfa6dd9b1bdf28c1d57a74bb5e244c754442fbcdcf131b8bed2e6bdf3231ff9874feb6dfeb99ffbc48772f9dcbfd86bebe0a1752b54f7a612b64de7664f891c519c86e48c3d501860289bb70e7bf9e557edb5d7de50105112e243c24cf3ae8b17759113c2d80065dce1564019805eaf64858e4e955040b387a606ecce0bc76c68b06c3b5bd0f8c89acb1ab37083316659985bb0eaf29aed34001278610505e7c0e0b02d2dadda5a6dc30aa54e9b3c3465474f4e5bdfc8a075943bada3cc1cd464ae2319ca2d5fd3724323881075aba121bb5ab5352c239617adb6b464dbb5752be57256eac8db964aedaac4afc7c7c7b5b0cd094f1f4adf0b3f17232478c7dc21ce0df537d567903bf6a75ffeb2bdf6da2b76ef3d1c4403b6b8b0a4df8bba3dfd0b8be1191a1a3841ec12a98f4cdabccc5ad983444dbdb1b36bb38bcbb60523ab54d21c565d6548666ae81f8c97749aa76ce893c31494fea76ff838829b025a474c1208a3846c1bf3abf45556f2be8e4a409e3950f3e27142bdd779ba212e96b48f1ca16e294fe8792b60398f7210c814a0e8de224e4dcf9d02b4aba757eafc03434302f3a852e6e6663567169db25050c573f2e4713b367dd47a7b7bfc796509df2b001f25ed0bb87d0112c4297db6c5f38d1aa22db50ef40fd9f8d8a4d073b3e6873ffce17ff02f15853fffc0277ee95bf3ff07dbad01b3a2e3ed387a6d2746367cbe45e4fa34a5a901f75b6fbe693766e6244789a51f6f2e9ab6bc46687728f89d3b73c6eebeeb6eff5a63d73a0a25b31c6ed9a09e9d80f4caa0c0235cc6ce8e5d9b1a2bdbf163c3d6d7d7a1be8fb2767971512b54004a580f2ecd2fd9f2e2b235ea000b66dd3d03b284cbe58bb652ad69c03e343e6ac7cf9db6a92307acd855b4660122a76f51502ab9bf251f35051c199a0bea86c36b566706b9b66a6b8b0b565b5ab4fcd69697ba6cf0a350b8beae79e6e0d0a09fc620ba9d45abc004ea45b2a547a517559b8f9482236a665ffffad7ec916f3c2c3fd403939356adaeea35d2bb48ee85fd538d5ed2f6bfafa86991bbd1b29f001c9a5f58b2cdad1dab35b66c6165d5f2c882f21a1915691bc5e7ab421a23a09c94e47b8d1a45c4a1ac6148da330548d20ead8f760866323cdfefb4c4f0a2496b75b1112f749545778981e37d53b652983b41ca52c4c413910943486e2a40db1ccd5d99decd8941c958bcab43a15cabd912b443c66f30d08a45ebed2723766aa43632362621b8575f794599941f07d0627d71fac4b41d3e74508bf67e667abf9d82cdcbdb5690b6f12f5a11926912392e9608541ed7ad0cdad3dda70c8a3c8e3573bffca19ff899873c403ff389df316bfee8de580cccf51d03d47f859705e952a622d8dfd818776ad6f7da2bafd88b975f52df303430248732fa404a30347097e617ecc4f11376c7f90bb6bd93b3c6368ae8cc9e303e850152b0ed6d6ce0191920cd69d6df53b44393153b38d965dd5ddc580ddbaa6f49cf960cca69cecc9392706e764e7cdc52a9db46c7a76c6c74d2c8ceabeb752b7675d9a1e3c7ecc8a913d6373a60850a5656cea7e5dea4771150b5306f57aebc6533d7af8aa04036759950173aeb801d545bb38de565db5e5f533fda85c017c0ccea9a46271abff4f705485450f6e486e15407c56326abbd49527ddca04f3df9a47df5cb7f2a2f544c63590c5f5e5a125511804d2269a1c4c048844093c54310d7355fcce7d54ec0ca2a74566cbb99b71d88f19d251fd8675b98c991db33639a69ba4e5398d9c625279825462d7f4dc4b74281456b731d5a006024253eb05066b75094655fb26b4cf35a6886d65470ba170f66593eeb75c287dfdccaa649935900728c8f345ef1510aa489ad26fe9f9bb6545d5519ef248c5d1d8c3d7dfdd6dddb6b070e1d946301a5fde5172ecbee833114bffbd0e18376e8f02109a6934d052225c58a8c88910d8822dc6ea6df78064d60d2de2c96c81c7c4f57b95b01ca819b6b367ff73ffcf0c77e2c65d027acd9bc78fb01dacae9e967d22e5d7a96fb01002e2e4172fdda351104e0b06ad6d6ddadde747519b065c5a68f9db0b367ef50306eedc04ea1ec03fd2cda6e13ad1900222ef6ae75349b363edc6d87a77a6c782067e512dbd9ae694bb682ccb0b9b169b5b59a8273eec69c9cb24747276c6878cccae51edbda6edafa46c32afdfd76f4cc291b3f7cd0ba06baad5042e8d8c93fa09cbce2eada9a3df5f433f6d8a38fd8b5b7de147181f146b190b74ecd423b6da0a7c77acb9d0c446d73b56ab9ed6deb212b148b42a86122713393f12043801e13a07dac9d91097b7af4c1bcd3677e680099bdf8c20bf6e75ff98a0df4f5d9d4e4a42d2e2c5a6d1daada96960a0852feeed6153872bb4b9af6604524f788827b4b39bfad5144de7a078674300810920f891b05253587a4d14b60ba46ef6e282f869e6fd8dd0b63402316ed9e0091d41ec1af8dbed43d687ca13c7d8fc63f61122ccd2316bb1b5bd659ec90b50281c2c64ff2937155f8480cbc249e331301591cc2ab757504fafc4d95b79bb6b052b54536570860ad901574100e8d0cdbf4f1e33601036d7b4b15de33cf3c638b0bf3ea39a7a78faabc1d1e1a52c5e333fb243c1e40567b891b87f97e9048ae1c9eca5a2934bd8ae4b7a383a962e3e39336805e6eb3f9e48f7fe867ee4a19740dc99f48dc5997b077ce99816d3751f41c484890eede13a26d0cea4372a1b2f1a7849a5d7e6463ad2632c1d1a327ecc48973b6d32cdaf60e656d49e390668efc846a011fbc13390352191decb603e3ddd653d9b2cec2a675e49138d9d67c940c4a995b5d5eb11b333754e20e0f8dfae640279aa6982195d58b550606ecf0c9133638316695be2eeb287191fd8dddd862be87d0d486fdd99ffd85fde91fffa1cdcd5cb7edcd0ddbd96af87a1327a4c62c251b1f1eb2c19e6ecb11241b1bd699337186cb85a2ed34b6b4eac4298d2a394ed9042414c31ee439252a46a9dbe98a78622dedda4b972fdbe3dffca6cadb89b171896843ca20c328eb52a6c6568c13da01d5dc8b530826aca7c696adae6177b0a63e14cb83ee1e3f14f8796e6a9722095b7b21a22c80bb8b80fe1e322c493f98ab9ec8ed5efbb6f55990034474f5a573fe4bfabbf4b662dc84e0198707f3517e0fe8bcded78e9ce10d4bffc7768fbb04804338369256ce32f2428c4b14b496b30d5eef46dd9656d76c9ed7cbe60afbb6a54eebedefb323478ed8b1e963aa668833e6dfcf3cfdb4bdf6daab363c346867cf9eb643870e5a57370cae74307881dabadb2951dbeffd2879dbc2a0d583d23e448519f3dd542af3279524010a79de9acdf51fffd0cff4e410a82e7616ae7ba9da3ebfd91b700ac05bc560c6d7bca901dd13b409ad4a0f91e84f4e36dfb5f5d59a2d2f566d621cd6c639dbde292a835a9e1bcfd7b58818c2525ba3bb74a21ea09363dd56294260a85b31cf127343c82ad21e209f04e9f2e292cdcdce5ba5d46553070e5967b9db3a4b389ff572265ab1a7db460f1cb0c1f151abf4775b4727937ec0a11dbb7a7d41b3b2d191017be1f967ed0ffebf2fd92b2fbe60abcb4bd6dc6e88a880361188321fdde5b28d0d0d583f3b9dd0f890640174a8745b57b9a4d7bbba8a8dc4b602b47760c0064686ad6f68d82abde8ddb842be48f4daced9b6cbcf3d67cf3dfdb410eef1913195d97069194f918d797f928abb667ec1dbd53a59ec7d429904cd5c59ade9865da73c2e94ac5476d5416e341060addbe16a2631332feb446194eabdf798644cee89b46ee71ac3bb194bca0d7f8332978c8ed8250d6b09bf317d7c93b63f601ad1b3cac0598a83a0aa4debeeaa88ecc19e6c52c577116b5f58e7e097cb5b006cf4a094ba6bf5ba00a2c5d5759b5f5eb18dc6b6d0737a7ec9b69e3a293c20add65175bcf6ea6bf6dc73cfdaf8f8885db8705e87433a48129e925ab756a66c0bd744b0bd6580b67ad78ce61a21e7bce7a6aa3b82545546476e32f7c0039fb8bf69b9876f0ed048c9d952fbad33a40043952cef1ca0e9abede93f711ac9108c42e666976c62fc889d387ea707e82e59aca40075fc4fe7aec343da05359b18e9b589d16e2be636cc76b12a6c0828d2d687808e9083dcd9b1e5a5157df40f0cdaf0e88475752343d26d3b6c273033ecedb53ebc554606acdcedc0c98df9aa3dfc8da7b47d7fe9d29db6515bb17ff3077f608f3ff2b05d7df335e91671ca63ee24972b56bb1b75ebad946c6278c07a20c5234bb9b969c55c87f5f574db2074c26fa9152f2d2d6b46875ed1f881291b1c1dd3730028f2d9283ba43be2163ff5c4e3f6dacb2fd9dd775eb491c12139af51c2ba065345df9bec0ea0beb1a5a27fd79037011c6113c7cbdb95b59a2d30c282045240269465704a381836cc4a5d012111ebd12a96fafdaef7907c2381a2858010ebd21240c85eb2cde34bed4e8953af19ab6ef21b2598d9d945b82c184ab2c540101bab0af8c6440323a30655111b25fd0a160e43d06a51f7121805832b960f4071018e345aa9d775087118cdaf5455def60f0ed9016893478fd8e8d868b678adb1ccce8ed419a1570e0df6dbb9f3679d1c2f028367be24e0aea7d79ecfe206bf69061af5e6fe6f7560a95d04dec1542abcb1f1c9b4adf4eedc030f7cea479ad6fcdd5b06e86d1110fe7201da1ec6a92c2690d6d5272ed9e8d8613b7dea6edbd9edb4ad1d54e5403599ef511e6895d843b499b372316f53e3fd363ed46df966cd9adbeb663bc849ba32003701a712881c6005a5f4dcdcbc6ec6b1892995771dc5b2b1d34c67d4e4862a97ad6f78d0fa07076c37d761cfbff8bafdabdfff439bb9316f775ebcc33a8b4d7be6a947ed99271fb3b75e7f5901ca0d34343428bd1ad691ea1bebd6d559b04313233602e9be56b32de68e8d2d2b173b05f2a0a00013eac6dc9ce58b45f18047a70e58b987eced86c05a498bbeece1affd85cd5cbd6aefb9ef7eebefe9d1a60b3714376ea5abe24ee194f635b66eeaaa1e9821d387273913fe8d17c9d2eaba2da2dacfea67a1d33af2f8851604a0b8da83074eabbc0d0436f8b8803694d6694cc281820204d500bd5a22d9ba674db2537064589b2ae23093a5dd795b195baa16db228200ba11a025e6c8b2b3d8d42188d56357170eeb4e1848aedfcedbf54c0c4654dbdc14538a9e93b276667e517d6833df61fdc3c376f0d061f59df499088069158f7118f4bfcd4d01452c699f39735a65b5082aa9d46f6d82de9c91be4d90663f90b67402b0f1aad70396510b018a82466e77f747739f79f0939fb0a64976fe267bfbbfc600f5ded48f212e1a60ce8d99451b189cb03367eeb1a6956d73ab69f90201ea824feef3e8e3153eba4b053b34356263ac85ed6c98edb055e244797166a10bd98e02881e0633a5d5d575bd177d018e80108b79b29bd332388050015fd1fe016be63bedb1279fb37ff5fbffc6e6e6966ceac0840df4576c6579ce9e7de6317beb8d57aca925e6867555ca7674fa88dcd638207aca459b1c19b0a1aeb202740751adc696ac14410d216c505a2d');
SELECT pg_catalog.lowrite(0, '\x2c2e4a9b757c6aca46a7a6acb3ab5beed7b2baeb28f89ee8fa9a7df5cb7f626b2b2bf677def7012b178beaa9a1ec0d0c0ec948969292d2963110240a585ade83e352e694442d29637740a0d61ab64d932072046b621d1e9c21a5c2068b3d000020004944415409a531498f4a8692f75246c00543392fd95c10980cfd2bf4cde5926e741f89787fa9514d9bec8dd05c510e3d30217f4882256439e139abf2d9d9512042be80b249161b90b244af7ebf2b5bb8d466b69ec6eb6f6c6b9c22c7325aa7cd2d9b999b773286f8b580725d228cf40d20783e20be347dbc2fdd97edb5d75eb36a75c54e9c386ec323c30a56fa729e433a141217caefe20418ed8fd9a4a8b0f7f36934e36d5bdb5a9e99cca0c7c6a7acab824cab7d32f799073ffe2bdf920cf8f93d539278bcb4947aebe6b3f54bdbb4cdf63c93db2239c4298224c9f5eb73d655a139bf64b97cc5361a2083e59622016109bf93f95a2e67bd5d653b7a60dc4606baccb637acb94560c2df25037022a3bdb326f46d1810a6b737632601c450ee001651429345218d731177b5185cb0fa96d98bafbc615f7ff8319b9999b7fe813e9b9c1cb64663cd1e7bf4ebf6ea2b2fd8ce8e2f88e3ba7cf4d851eb1be8d3364d6fa568e303bdd607ff76a366bbf54d1f0bf5f6dbc18307944151f9a3b75dafd5acd2d363c3e3e356a29f8c7e8acc4f2fb9565db63ffbca97555a7ef07defd7260fa8341913036314030906d9526cd4acba5a15930a4d61ed88129cd5aa2d33ca5aa94a4dbdb6d5b46d2b727cd9f6aef8402e4d22294e185bae7fabbe5a99d31da635ce09e48f038f25630ea5ae1e1f1b8197a88f15993d748639f4a4570b09010c013c8daf53ed10a008c0f912827e2fe52efdafd867f4a3ce7feec197134ddab29b11c39222e09376110a0e48ac70c822edb9b9bd2390687671514011ff96af2ad222daddccb9131ee2e73d3d7227387af4982d2e2dda73cf3eab79ec8103532a85c9dcc8b96a7e1d6b66a2213ad33e2b646f55f6665f6ecbb089e8b83f40119363f50c6b886633f7b9dc030f7cfcb79a661f4b01ba37a85ca6e3dbfda713f216df74fb016a5a85ba31336f8542b73268a1b3d736ea3b962f9675baabc445d59d1297f2a790b7a1de1e3b7a70c286fb2a0acedd2d5fd6b6dd6d6b904956976ca356d5451e1d1dd1a94999875814b3304a89bebe41a1c48ce0a0bdc9d880de4ff6003b36bf58b537debc6e57ae5cb75abd663d3d65cbe777ec99671fb7e79e7bd2eaf57563298539d9c4e4b81042366a7acb459b1a1eb4ee8ebc6d56abde8376146c6c7454482c87053776775faf6d872e4f775f9f75562ab62b0691b359c8368b8bf3f6c8d7bf66dd952ebbffdefbacbeee440c4a4905687fbfc60d94a66bb5356901b162b7bebaaae0e4ef6cc52c2e2ed9fcd2b2c64a0d5e73bed3b6773b6c8bb1158b0a6c7ed01ad0270ab1755048fe23703658b572e6806e747adfbede7ecdedca8ccb0a1d2a2d194771309015393404fe20cf82f8999cbe4be2b5d26312a08c85d04962bc4266f56d21519a1cdb602ba5bea99fe9ef03d14530bce89934763d79ee50f5b49206318645fcad6d5bd9a0e75ee7cdb45c07c0a323e3541afc8c184cf4ce30b2ba7bedce3b2f0a74fbdad7be26208ee0446e93df09030c7505c63f20f0ea43dba97f311bbd096a6dcd593c56938fee2d3228ef2920515f2f3acaf6dbb9cf7ce6e3bf6739fbe1568046e9a987face0528c0c1dceca2edec14ecf4e9bbaca777cc363677d483a2484009ea8b0b90c39d8c3e32d067c70e4dda608f07a8c1b38c726cb5ba64abd5456b6c12403919ae625b0e7802411a7d2306d523a313a2d8316305b1851a461f0331819eacb6d1b0d5f54d5b5a5ab11bb3377cd7737bd3de7aeb757bf5b51795a1d976e9ee2aeb02ba56d5aef5574a36d6df67a59c599dd9e7c686c6029454a3236e49383a3e66a313e322cec3804175818fb461c90147d0cd5cbf66cf3dfb8c8d0d8fd8b9d3e7b480ce3c95fe69787454a3190e15a448787e0acad555294ef8c78ac08fb9f9059b657ebab965bb1d9db61301bad900580909946de45db6149c69854c3cda6432a6553104b8fdf572d28b6c5228aa549f5b9cb7956ad589e9a18d9bd91f8a3c8f0874a7f5f680a097b22095570c33dcbaff293810e916cd527785c413acbd9a8bba7b3952309552599f97b038a5f36e53d97303608c0c5adfb43a8eecb41013133af8183fa90d585f736f194816722528daa54bf7da81a983f6c4134fdacb2fbf2c276d462da0ee7cb072363c3c68a3637ee0330ef38222f182d298a98d2b8062c53e9428a945eccfa0fb02f48bb9cf3cf0f12f7f4b76fe837f9301ea8858ce16179027d9b1e3c7cfdbc4e451abd5a16db147c9499fca092e1aec9ca28d0ff5dbe103e336d4db651dcd2dcbed60408b85c1baadafad28789abb0d2b147c9ee67d464541bab4bc62b5cdba75f7f4d9e0e0b04a5d86f73a817776acbeb9a572891b173914fe0ec182c0585e5eb4f9b9195b5c9895f27c470717975d50d7504559b0029c4fc07162a38027c64f5e631159570c0d591fe4f901cf3ecde0cea5199e460694bf6b6bf6d2cb2fda8d6b57ede4f11336353ea5b92ebbb018c8628701e99b0cb8d9f00065064cf644b789ad17fe84ca36333b6b37e63d409b85b259a164dbcd0e6b50ee4200d10eeaa6f79bb2be0807b1a0f551969171b8292931c934e201972bca5848a22eaf2cbb7241b133cc74a10f7a9692fa43d2072e156d70a04fa5a356f814a0805b1bf2e4918d079b250a50d05cef01c99c5d959282b31be13455194eca709a5d4e872cfd797d7bd7d6d072da6dda91e9699b3e7152801a47a814ef09d475faf25597b2a9d7edec997376e8f0117bfeb9e7ede9a79f1158363c32a4f7747e615e7d3940e0b16347ecccd9d3d63f30d086dda4a5f3b659682495fdc62dbe281484fb008808730e3e4a5c541ccdec2b94b84f34cd9c459491de53c1fa9dc8a0c9d0266fabcc4297366c6a6ada8e1d3b6b8dedbc35767cd422831ded3fbab0584fa9d3264606ecf081311becad58676ec76c1b1eee9aadafc1d661617ad3f2390789e843c994a06480339460cb6cbc6c36acb3b3ac05e502c8191c4e4a2402b44eb9e541cba90ce99cd923c4f8a585395b5d59b4ed9d0d2b147655e6caa2810c0a528918181feaa95c35827e87b1087d1bd9074e68b152322f6dcb9955a0ec0a281791755958b0279f7a42c4f8fb2e5db281be0131aec8ac043afa4990ab79674045d915f5ed1a027449ec2d28810bf30b76fdc60dbbb1b068eb8d6d6b424c28966d7b97f21ea0257ad06d04d61a6264255540b79cf49b0f350808fae50aef59b755ba7a0408d1b78148d3871e387850d9f3cab5ab2ab7f9396e3c18411a8f68866a1a392134ce7bc6dc133008a137906731b444a017f341c82fe536256d4f77c57ac43d46ed418ba3992e92e5e9a97dc56c031497bebad9b44347a7edf8c993d6294fcf404d42748de0268b4220c1d0082783279f7cca1e7ef81bb298745d5daf660850e6bd274e4edbfbdef71e95c04140cc9abcbda39660dede94415b01da3e6ea1af274087068779bc27c9a0afe672b9631e9c89c69b7ed7772e40c9a090bae7e757acbf77dc4e9fb9db9af9b2d536f18004c9cda94fe52982eef52153323e6c072606adb7ab60056ea8ad0d6bd4d7ad564372a4aee0a4cfd1ec4e5e2865ebaaf458a993bed6a47584fe0ef341cb1734b0a76c6476c781c0ee297ba710e5b7a599eb961375691d41b55bb1e66e9dd0d00ded3735fbaa0d7d1f379513ac5d081ac4930f77e5ce5b8ef14f57d906601e0d7370145d489900ede8d0cd0d9a88a20207c307deff7eebe94206665537e6e4e4940d0d0dd310866653c36aebf49f2b2a6b971716a5db44ef89333819941277171993ceb2d590dedcd2e6283c16fd6e0998e975781faac0486402e442a44f54b05205d7b65e6de2f07394cf2b6baba2cf9d3c754ab29ccfbff08280a9342395b972a9a480a5952d978a5eea42f2d841c4cded0f7d51bfa1f198462dc1402210f9fd6450185bfc9d502b4a38dc472f524b405f897217f61764f98d0d1b1e1d53800e0c0d5aa193d7cbad1104bc00bd007cfa0707458479f49b8f2b40d972e19a7a29ea070107cca9d327ec031f7caf8d8cb060edb93bf5977be1188fa99be87fbe65bb37a8e5bbba27405fcb3df0e027329ae0cd6cbdef4480b65e0e34bef9d965ebc855ecdcf97badd23d6cab1b3bb69b07adc3c4b729608093b317add2d13e9b18efb59e72ce3a76376d574a7b35a1a8bca9ec29023a0091535e15789c2642c40ce73bb51ee5760d9bb6b1e11600d263158aea9442912464adce6311a0885fd7aca67dd0aa6dd5390cc8d675adbe8180ba31917b758a8c215b0246273e23d4e801e084d9dec8907c67b87128284174d106c2bb928c0bc0f2c4e38fab9c7cef7bde2390a5b6b6ae3fd12962cce2d9935d4f16c85794e159165866fe3737670b0b8b0a76b65866e617ac88d544778fcd69edaca165845cae28ab47671079394969a90a20b5584931216f027c7a7a6919ba241383dac526e326caee8909bdceebd7aedbd2f2b2cbad3477358b66cfd76d16f3e2db76553aad87ea816b41992b21376731c16f4e63144a529e0f33523ecfcfa10325e651b24a448686b5450e52e6a4a54e5bdbacdb62b56ae5ee1e9b3e71c20e1d3e9c95b9293e24df19aa7e1c78cc43fffccfbf66dffce6a3eadd39a41c05753325ee1b66a4efffc07b354b6d5982b4688efb31d3db0d500e3fc62cc343232eeff9b7294021212c2dac5a6d6ddb4e9dbcdbc6278fdb1a2a08c6dc0d2a5dd30a9ce21d669552ce26c77b6d72a2cf7a4a66f9dd4ddb69206b4206f03753ee5bdb8d588f727d1de841f23921008583f9fe25c64aaeacce4604aa04ceb174494a96c321659beda00288e0f546cd366aab565f5fb1461dd23c06beec8a7248a01d0b68b1a5df4d299bdcc90473b169420fd7d363e30726ede0e1c39a7d6af5acd2658f3cfa983df2c82376101e28bb8ad767ece8912376f6cc19dd2c101c8660c41c3c20a23df361fa66e6a5d5e525eda5924157d8e0b97143a2d878918066ce2c2c5a8303a254b6eac6a600b0ce32dcdf8ad5417741423102d6e64a1818c78e9488ee79d6c23c6351e6421164e199f92ab223bc8ee1d111ebe9edd32888be4d2ca1a683306ce39019fd236fe5ce82f5544a6a4394a96277d467a73ec077c7b3b0f3d860493daf79687f6faf32ac0ff93d1fd18ed09e6cf15c4a9db65adfb0c5d5aa153acb526c3c74c4254c655a15ea8189d126a2c0e0900ec9af7f9df2765625bd6746df98f1406b6a964d99cbc1995a00bfeb5a5b2b7b18bafbe62ffe287b99443c36090214777818094efbce07e8db51a4d2cc75bd5ab7f9d9753b3879c64ec028b2a235f304544ee38b9ded0d9594037d253b7a78ccc6467aac5c64b3859e6f3323667353d057f870392f0d9bed06a7b2af2fa52d0fde4fe9b986ac6322a827272ee4567677b9793ca3aae415d258b70642ceeb2bb6b1ceee695533d8460315078635b0a07cbf91b25696f1ea65f25a8eeeeeed11291e0e2e252e7d53a5bb4b25e3bffec33fb4bff8da5fd8f1e3c79575b871ce9e3da7ad0ad4f239a8207a8f8e8debb93b83a6a912910c4af94dffb93837673357afd98debd705860098cc2dafd80a6af21013767d93677864c20687466c7e7ec1d656217b38d3478878e632ee8bd11ab78844e1414ab5c17bc5780562002712ba3a705c297be7e7e7434c2c274087ea051914329ff79365ebefe9d2e3a93354bf195342ad7751c5b8ad2355015996ccdbdfdb634303fd028b28f7c50f9650182396863659ac58b0b5fa86cd2e2c58beb3532011879e5a8d70e24e5233890a0f5d736e7ede2e5f7e51a4015e472a6b93ab800ed862a795caeea416038facd268df0f6de79eb767d514e85991ab1edf0f6fc67fa323137f3301ba3ff567dd6ea054c861ce5e5fb1fe9e4376f1e2fbacdc3da85e71b38ecddfb235776a56286edbd848bf1d3f76c08606baad98dfb5dcee96b4712881a9ce7ce8eece5fdc3794a7cc508b1ddcf06c836d49b1810138e5ae1b05a51bd26d0a2432a5752aef41159c9b6e80cbf05ca863ad6ab5f5256b6ce0ae8d7f8bb34ddcaec0b72f7c3f1195f74e05a1dccd98a555bab4fb899203773e19e8cdab57ed1b8f7c53990781306ed0febe3e3b73fab4140760070df4b30a755ce30db2808f347c950b0da4d5e5655b9a9fb71bd7aed99537deb4ab6fbe6955c643d614717c616dcd186410a0cc7e070686adb76f403e3188b2e1fa462f981413bc078d456d7995c2b1e535b5f47b5cdddd472b1c46b0751865d1e37b1fee735dd60ca58babd963311359936c4aac6e0511c9f73ee519b329850c66979005a8a2c8b89016289901c0b5252514dadd01382cf2a5a2f64167e6e745a73c79e68cf63b3934d3aeac1b3251e27a46e3dabcf9d61bd26862bc02034de64c6d657efb3ddb3eebcf062d697fbb159dfbc62c37674e7f781707405501a02832e827dfb6076d3189de2eacb2c3e31644857dd485f867f6d93654abf522c954662b0b900ebaeccc994b36343ca11eaab1b96a7979a46c5aa163c726c787ecf8f1a336d0d76d859cc880d23472d72f969d193c302df08d078e76714e2daf60a5e4430a8586df178293ff257ea02809ba44a644a8425a4306b4004758e8b14521a94bf617d76d771b50ca85b324f182f3346c1acac59c89a74ad614eba60bce6a49a5af44ada54f54d6a97ff9a597ec85cb979d282fc069c78e4f1fb7c3070f0a3ca134c7af660a33e30a5b2ce8053b458f374fbbb0ab6bb634376757df7a4b4bf26fbdfebaad5497c550aad6376d76b96a758213649cddcd028716f34d583e3979d310a0490bb725f8859c26c64ade1b3a01a120e281dbc187bc67ec38a68071b53f7acea2735f2303cb0a41444e8a743f005c6d9ebedf7d4b094efa67c61c307bd80fd5f64aae297a25a3164a08f8c7d2c825a041cfb9dea54eab6d36c42462f1e1c8f4319b9e9eb6bedebe585b6b59313856e02a14975fba2c499b13274f66368fbe7db2370ebc345618652afaeddf92f809ee81bdf78753064d8fa87f0372d9be00fdcc039f722f9a365d21ff9d6fb3bd728b58bd9def6f0d6ef66ed3ed7f38103484a51766d76d74e4b01d3d7a527c52d4fa8a454017c8080d9b9a1cb153278fdb20dc4c4a8e0c92f73ec4cb52176b768d1c4e4a7ac99c6dac3b3fd5177c8316900bff1140a6465dbd961b3985ce8e4e7782989d466c0ae18cee58936568ac0ae1e4c28891221ee5967b4232e02f7755aca7afd7cadd5dda54a1d42330254897770a1c010aaabbb8b262d7ae5fd7863f9c5002f29ebbefd6680995fcc9c9493b7dea8c367298356af0be8909d24636d269c0965a58b4ab6fbe61afbefc92bdf5e6ebda9ce17d59dfdab2b9d5355b477e13b1ec0e9e4b41be2fec23b2db99cc8d7d41dbc5bd64eb27b0cbfd4bf1cd54d075161424dd5d5dca4c92f8543512e267da03f5c770c575da4ccff6da122140931ca754e8f93a334ab7b3a01f643389c7eeef85fec6e1bba96085b440c5444b01f904c50be69f500d91b0c97716b300e52a4e1d3c20c50ef8b522f1b779a470bd240a6e66cf3cfb8c96cf4f9e3c1999d3474c7b7a4a8548eb33b70281d234f47602342568de207a50d6ceb41c72eb007d9bddcf7748a4b743ebf373a07dd9f5e6f0e4ab8c5b666716318cb733a7cf6b8713e452b07a0e64b16e870f8d4b0f77a0afc74a9cc8ac37712b003e6a811650c767a7d28ddd71c087c7c67a9020138a0b6248696bd82320dd01c11c357b278b0bb8e0abcaa4047bd28bf50005e5d49606e472881231f394262d8c1786fac86bf654d47b262b3dde2ffa256e126e3e288294b9e2906e35e472f6ca2bafd8e4c484bc59e66fcc6a2c70f6ec590dd2cb5d3d0a6e0e1806ec101aa0cd35c9f2f54d05e89537dfb0375f7fd5ae5d7d4b4405a1d5ac546100859131fba6ca5aac9af92146498e5a85b65962a15e078dfc57dc7b33cd05dd79bad37abbbb658bd055e9126941e5a328a2be16e6600865b2ef91a2f0205916b9879bae1d8fa5caa381bb1c4c2fb47fd1abda151083cb1b81beb2c20cb82e86cfc8d09034a7e84b612fad849543d225ca150b566b346c6e7149e015f3597a7748225c079e232b6fcc3fc12bd870e1587dfe85e7b53a48899bc252657a50f31c34da9bc39c6bd05e16ba548e0358fe28370571004e597006851285f9e1e131ff1d7f9b0254258304a676a563bbbcb46a07a60ed9c1a9c332ddc5d0970b6abb0d3b7eec909d3b8b616f9776042552a95e22ecfe405f0926653b96c25dcb080b42105bb74ba0c784da862c48c3b676c8806e1da13f1b58db6344144ae6f4390dcfba8eea313cd789a03e88122e2d3053f651ce1178c89a60614f299bda86345b64f4425fc6168872ae4adb5d7bfa99679445ee387f877a5ee698632363ca007d8343d6d1894e534eaf418c1816d4ebaef0a00c0a31e1ca5b76fdda5b766366465a4a6cb330b8af12042c82c33edadad28607b36117ef62a4e4cc9d64a0e463a1008792796eb08c6829283b0950fa359947957dfd2d69f526214ae7aea24d1b19542b4aaeb8c07bc9784562d275c664bbe16fc3e376e9e666268ca817df3730d06fe390d8cb1505b507288146ff490665c7b7209a1f9a4468103362999c9cb03e368e784f9797f5c10187c4e6d9f3e7a5aaf0ea6bafdae12387f53b6ee6a6674975cf2ea9930d5a0927654fd71c6a65df5b05694274b542078a3b068afbb72c405370faa1e34254b3b373ba714e4c9fb4ce42c9b6ea208b66e5ce0e3b73ea849d3e794220837ac8c41bc6a58bd925334cd040555239f1081a9b68de6cdb2ed436fa9510b12200b7b6eb0a50027297a0c47c8892751baf50dfda77cf140f68e72927612c686cf88512a0eed949a927cb7a849a31dc919c3ab11c17520e5f4e22a7b4922c266ca7725937e173cf3f6f63636376f8d011abae54c5c2397ae4a810d20ec4bf291d2398d860f100add936e52e3de8fcbccdce5cb785b9595b9867163aafd9ea2ac18cbf27a520bd1bbcd77c414a8b1c705201e47d49be9961e12e90472260805fbe91a2b9200bd610e701c0ca4e5ee06667ad0ef02d5d57cd8245b44f42d46e3e9594fab5f912f346b238079d23ad053178a0e2113ca8dff3cb01ce468687456227b8c11456d1a16296cb1e30e05ca14372360045309c5051000320c0856a038ad537f44ac8ace7ce9fb7cb2f5eb6f9c505d1f884bc87f0b613dc6fee41d505b51ac93ddf930563046984f6be408e714b3c86c62c11a001127d3ac681ad306f4fe5ef0c0fb5be7aab12f7a62e3632643b50d4debfea317403d343eee87443bc9a9bf4e0a483245bf5ba4a9b3bef386f470e1e72d5b7505577db73df7c5165eb0b19fe81d136a470409ecd6d0de5fda62023d2b7e008e6010ad50d44960f0023f5a13caf98d1657d59d8d4a927f3194116b8d9359102a483115a4f8a63366d782888315d22209a4dcd1661e02c2d2dd9e9d36714b064d889094ed51129f0c11ca21c258931c067497b6d7dd5491ad851048b88e05c263097973c4097977d1714ce2e026361654f7a84ead89177d27e5a9cf69b32f0cd28c70846575270516c05ac288e709109f48a4a52ae0b5f17d8a6de26a9c8fbf5953876c87072cdb53216c6462ebfe28ee0cca6397c286d59990310a367a7e485ea88278e9b41d524e7820914afc130958254f02ddd67505d322a2b651c8694b5a0fc62490927c82b38996d3efbdcb3ea3f8f1e3b92a1f154022907ee5704d9eba8bdb78c6d05a88f8fda78435990260e52ea714554189bb0a12177f2ce3df8d0cfbe6ad63ce6ff4a80ee5fbd07d535791ba0290bca3d486e04bb3ee725a4b2e8cc9cca98f367cf0b10802573706aca2e5eb8a0d52d054726afec3e97f49a042896f6294065544be6dc74143665436e70d925108c901db4df49ef13f43d5d626f389cc1d986a60521c2fb11c92aeb76068cca4036a9acb765cfe833b89935da51dfecaee1bc5f946aafbcfaaaf5f5f6dae12347acaf7fc0c62727050a8989a4df0f54ec1502af0b82f9ea7a55d68b04e8ead292ad2c42f39bb3e5c5056d612c2e2e4480d66ca5be61eb888a5152d6ebea8559b5a25a711f13b7b810881333128f4f9f4b32b374a9cf8296c761f41028f4a31c30d0f9a824501bf40567a791a64055e0c7d886abadc6a4adc2a085904505bd756d5d1ac0807a60067236972c678f4a55de47f5916444b9957965803a06fa4320d71aa76defaadd483b9c5a4fa3c7cd99c659f7bfeb7e2dcfbff4ca4b0ace81c1014775e562965a931618abdefa6d70d4f620ce5e6720b97b50de766585782caa8ef1b1091b1c18e6de782df7e0439f7ec2cc2e7e2703546781d344f66163de54bb8e1017346fcb0bcb92e43c397ddc0e1d3c2850e6d0c10376f6f419a17abe21e18ed13e740e8a1e4af4728ef6518b18420ce0352221580952670e0158b0becce68b0274a76ebb4d3c3b7da3230d9e03ec8e93c4773635abd3809e40de5660ba37a41f16042be568a29251f2724a265d589f5ffa9c91ecf0ccb3cf6a05eaf4a9d3368948f5e1c392e9c82b3813e840a5911368c4ebf11e74459e2d9039d69657b4c5b2307bc316e66745a067cb841257fe9f0428238c302f063c629100a76717827621370fd084f03b1d2ef553c93f53ab7fc88a964a623dc1d2f1e5669f774a9788b14c5a57f31089f72d0ca2c2cd2df9ab109c2edde2a6c46e48bc2b5206fd2d8b06646aca7e2a10be9f2575f65019b57880a2a9dc69cd8e827480b9ce647e02181f16fe53295deab48b77dd6567ce9db56f7ef39bb6b2ba222d22f08344d3f4714a9a95462e0dc7f9b7ab30fdec8e70dc336669ef55fdefed81ee5c5c0f5091e51ffc854f7fd99af6c1ef7c807a0fe32f772f5ccdcdaa50cbe55d847a69458c919368988e8fdbe14387e4becd492d39471e66d7df44fda4462c804d9e41393d2124c8d64f721acc0be9470946cf9090c353f66443850cea2a7dad21b5bfdfad375dbf167457f29404e7b64e5db76c0f553b346be9474344cb07e33eb2e0bf6433c86b7efdf5d7ed99679fb3d1f171ed251e3e76cc0687871d10e275babcbb5f51fee0002240379039a9eaa3ce8ea396b457c4209abd715d33bdd5357a380f50c4b428fbd082655e4c86a10085d90460e4e5bc93e45dfc9df2d32558e4bb12f71eef25a59b16a7d59fb20a469056b492451625ab66a8af66c43caeb70cf2581111c497a8452e41b40c5546fac97a5d01ae034de5b2db44486685b1958228af12174b7b84dd60112940e9f13b91122dc88b86cda0e4e3226587383c709d7bcffbdea7c77aec89c7a5f134757052b764caeaa9aecc8231bb5dd3bdbbd7fe216b492348f5ede9b68956a10528eded6da96208d0fefe417ee42b64d0df33b31ffece0768c29ef70668ca123aaf5115c8176ca0a74f33314aab0be7efb093c74faaffa0bc4502c54f76690b067f3666a0503bc932710364fe995a072340296bbd942338050eed000a812212a081d2ea0d0e4dd32c3efdf4e364179aabec1919544c227c46b8397d3b860fba89edd10000200049444154013b04702a95338ea74b983cfad8e32a312fdd7fbf5db8eba20d8fa15b14075052b6d0958d5e9d838600a5ffd2a236a5a0072819941d5202749dacaa2cea59065a9e0ff577dd7346bddb96952adde20273676806aa85839881aaa4a5df773d229e862a0766a9a1f2ceeb821b0b05cee5513c43b93fa82b3f729049eb48736728856e8424d35dda0d21c68e6413b86461584920c404a90e164caeca257d9e0343ba4d759432aa9a9b3ae53027f6104a0abc3e36963814e8415ddc8c2d99a6646aeeb9744987e38dd959593d70b8783c2428ec6680a8f5e588d6fd6396f6d4da0612b5cadf5beb15f1fe27c9935db32fe61e7cf0677fcb72cd8fa524e6fde1db25ee5b7ffeed00a2b7ed41b323e516c119bf5ee7f46ed3fa7afaec8eb3e794f5d089991c9bb0fbeebdcf4647c6dcfd994ca5795b94b7ce9bceb2670a50bf01c2e016b0871b4373cc34cb64517943c1c99f0ad0e0776635880e81243eec8722d9d99da6b9e9c2fa804d0df5646565241f8823ccd53244f2e6d3a39d39dca38f3e6ad7afddb07beebdcfee7df7bb6d6472d20a254629e9fb022eccca2607ad760052b8013170ca96b5abb24384ea373b3763ab042fbd1ceb6b8c5ae012131ce168c64e2c7684308a902f112328f488646ba1d927e8340a7894e745056a76d048db3832aed069322e07302404af169485f5125c4285d7ae256b398b7b55c107d98df72d95985c1ffa4ec032c023c816550ea28d0d975111e91df739c80a2e8aa6396be84a4156e0302283d2fee8f121e7173ab4c07ff73d774b5af3a9a79fd67c14ae2e63a080fbfceddf7fdb674192be12eddabe6ff47f46764d20511b6eb1f791fd31f02c2240c39fe5b7730f3ef8e95ff9d638ece7dbb18ff6e7733b04845b85eddb81447e28b5bfb07da7815b6b7856dc6d2a20efbde75e49853cfee86376fdca55bbe3dc1d228f0314c8f857593400a2987d027c6839424ae99ee5400d85dc311b4df675927544606cc376b76bb6bb0b1811482ecbb924d818a948301b0b5566ac4ed1d62a5bb204b03c3713fab0c139a5c44a08a082d3c1229f8d71e3433bdcd24885edfde963d3f65ddff3efd80456f7222ec401968279df9ff2244901ba0e75714de6c558212ececed9f5ebd76c6e7e566ee104a8365aa0cd416ce73d8018c0323ada3df073b7b6dd23a65289007532819414a5ffd3292eb3fe2c10a44ead14652f0953a97c1533c476e12667b2a71c541eb85269d7ecd3412897eff40d17f1644bfef85a7240ec1aef178c9d620d906c09ca4d7f4a80024c010a913d6114c12662794032aa9d9db1e18208765e810f8184b7f2c4a99376c785f3f6d4534fd9ecdcac9d397b56bdad7ae46c37fae66c754b0aec2d1db523442383ee078ff6c45984050a15a3639352f5fbd6ced1e708d04f58ce7ef33b12a04a20091c8a54bdefd449a7b26fca9b643ede7ddfbba4b8c6ead4e38f3e2e7bc10b172ed891c347b56ec589ceaa1a77bf1caa1b644b6e40462c6e859e38b504939317fc1417b30515c0460a50e43a296f9d19e40ece5e46eb7734e1ad420903e8c0cd0b26128bd99c2c4d9dc6ea8d03fd0baff7405abc6c4a2405fab699eb33f6f587bf6ee552c5beebbbbfc78e9f392b2327873edbde23d594add358e015870b015adf10af58cee2316699bf7143013abf30672b6d014a065ddfa8e93da15f97f6d26e53c4768214876d541f986ffac1e319d469801ea0f8db689b838fa02e52d23a6b4856539a6b21744da01278cc342957a108a6fe3bddb01ad08713b7571e38da71ed5ae0191ea9f4a76446c0b495ea8a2d2d2ea98f0534021072d16d7aeb6dc99e20be465073c0723f306a213859eb83177def7df72a609f78e2094997326671d49a1e3695a0fba0c1bf5489d9722e13f89955437b5394ae725c5ad41ce841a9222c97fba484ab73f9dceffe7504a810cd7dc7849732a991bbb9c4cddc279a4ddd00f7dc75b7dd7df16ef157b941df78ed0d7bf2b12774112fde79515ea32c0de7b58ccd6805fa1ec402a7e551e24a2e2566ab2a0b294ba53aef230e32285a464df59fb1b0ac40660e4a3f43e6f412da9af45fdc887ccd67a54d3658a4780759c17b35958909ad4ebd4c82d5e55582cbf8aa3df1c4e31ac2bffb3defb53b2fdd6b95be010784dadfb8d4c32840bdef73694ab7690024925114da4700462b2b363b3323b1b1f98594419995aedb4a350254078f2bf63b61a1a1ec4ae9dbdfd72b504eaf5de310e69c10145280a2ce57922729233017b176f7311dac98f946062540e502dea6639b88f6a93a532f1be327fa554021595fa0970cd20ef2bae95e3352e563f65bdfd06c94aa80fb8c05724a61b51db09242fc4d464a5022f902dce10aa6c96511e14f9c3c215a1f73e2a3c78ea92d1160d86e17b80fc4cc3ac05b8c10f7b384b2fa3851faf6b18d52687851e9018c3ed6e8d884b76f663f9a7be8a14fbdab69b9afffdb0ed0ec97b7076964d06f1fa07e9c0c0f0ed9bbeebbcf4e4c9fd009c3bc930d87575e7ac52e5fbeacad04449e26260f8809432f0a3acb290af8e04086271e0d4bd45739c54ffda784c87c0364172d1e654d08f0acaf51060368b89e900327eefc451fb54b800aecf0f532218dec9ac68ea4cf63fd475366c978baa59248178f3ff6b85d9fb92e3fd4fbdef52eebc73487718a02b4add208fb0ac90dea05ed8a73eb02d05b3e8ec0e2017d59d41e56576d6176d666ae5df5127775c5d6eb3501440877af430924c8b971a10b3677a580c7e235fd3001a72c2a30c8ddbc50a3d0ebcb434e20383d40bb2b50fbe84d9d90e0953cb9d9df27025465b280335f4ff30075fe2dffa53153ea43c5d08a39b1f672d90c422a73b321e693fb7ca282017abdaecf6966c9c1c812821cb9f97023d334ea820b8d8ac5c8f8a8ddf7aefb84143ffae8376d7878d8262621a70770e998635c3f3f29750dd3ec3682d39369eb24bd2940d3c19a0568eaee5aa05396aba2ed1b191957800a41dec9bd2bf7d9cffe2713db3b9dd7ffda02b49db0703b011aa709a73666b5f75dbad70e4e4cf9303b04c380df5f7ae9657bf59557d54c9f3871d20e1c38e475fb2ea6c02803505e396980b28837cfb728bcbc75268baf9249d6439e21bef992e680fe39dfa2673400819e8c49af29b023244da4ad4a4f16f43e2720b83e8ecf734570f3be138b86ad2df97fbcf2f22b367d7cdadef3def7dae8c4a4cf3a094e66bbd1af3ac810a70c67851818bc061f1931cb9593db06625beb0a4e2459aa8b4b363373cd666fcca8c45dab79ff49104250f051846fd47033031871a3936509fac4ad556653898b0e6d0428d9b3b3ac2a06823cd9961d515f2ba3cfe4679203b72f1b78af994a590785741306895ce86dbad7e584e8c01f6f211933b17fc8a4c87b720fc032022c429d51fabb3a240bca9494b39e35598f63ac0237baacd2f6ccf9b35256a07a595a5cb463c78eaa44f66ac94bdcacbd681f0146d64947e7fe00f56bbd2f6093db781cf289a421ae6ecc9b9348007f227732323ae68e7f5bf5493dda030f7edaed07db4832ed19b0bd4a7da7bfdf0afc6d7fc25edf3babc4af4c94b86d27927fc9cb2afacf7befb964c3fd8392da64e58a20e55bd8ffc340e8e5975f55a01c3b76dc0e1e6019b7ac1297110ac1c9a92f8ea94622eefc4c6fa3d2577f0f71e636c280de38cd4b5d3c0ba4c88d831aeaafdcfece4f4fdd68a163944a37955a5a4d4b379dff0982c8d0fdb9e79eb337df785310ffbdf7dd6fe3070e64ab4e0ad036c43752b7674e17ecd587b656e45a86d4e69a3b7c137c28a8afd734072538676e5cb795d5655b5d5b958ae13a4be628b56b9cea01a0e38625766e8a20de136878a150ca72e315b06aa4f7ec808050cafa4ff8b7b08818a97800f27ea819f04c9af30ccaeb4f59340566fbbd940ebb389fb3a5026543802232a97c631a0a50d7b37526541d4ddc40dcfd5af83a9fae0fab88a5b295c9f45d5d76faec69bb70d79df201c5c50c516a4676414771106f8f127bab0d6b8736b3f235db134d3d6b8cc102e8742cc52b35b69f74d884ee92afd485b955ddc913070f1f95a2c2f6f6f6fa2ffed2aff5a4007d2297b38bff3602f496a8ef4d65eecd019a2a3abd1d28f7158a76c7b97376d79d17ada7dc651d61f990080c8c2eb82857af5cb5975e7c49ab490c77019390cfcfd0c66229fa4182d4d7cf12b9c0b3686c566830ef143495c22a75dd4e502406cd4809d05d37a90dd504d9eca588d5accf5944ad00053882a35ad65e2b882d7b9e07a6a6ecfefbdf6d13070fcab049886d9a712ab3249028cadab0425064690900806853047956cd103163dcb2099abbe648eefcdcac5dbf714d800a4c1b322824850d59d57b8002a49041b557826ccad69602be2e27f02ea937305aa17ee92c94fda388a21e7d6851a5aefa6ef4808bb0869c140f2fde490eeec8ed837f2f73e9d79d31b617214cccac74788ba5d5745b7b46322233a084b101f1a016256f43fd261b2c64511e51026d542132f2c5dea14b1a4993070fda073ef801716dbff4a52fa97da182f1814168d426b5bd36143771d3db2ae02cdbb7b3c93429e0e08c996ecbd10deef7a6ae3f3d3598818c96e54c0e28e93bc93cc7e993a76c6c7c82aae5c9cffe97ffcc0d7c3ff3e0a77f279fb31ffd6b0bd09bcadc6f1fa0ac2d5dbce3829d3b7dc62a9d65374c52162538dc8d0a42346fc8e2fca25db972c56ecccc0a8de4e6c192a0bf6f401c5340a40efa13caddb831b24c1a593569d70a61cd04b33c387dcf131a200264a1b21e7c54efa3a232482b6f2aa97deec7cdcbba1425d9d3cf3c6d6fbcfe86b89f97eebec726a60e488bd74575a3fe48e3982cbdf848c6398b7b33281a441b7544ba3d8322664680ae83d4d287cecfda8dd9195bae2e67018a67261947794d209167d0e0287990c26d0530dadab6febe41f18201c90a427023403be845dd3201008f1297002df081807728d0fbc8cc29836433ef41bd48f46b11c5945e66ecdb86c48807a8338e925bb80e104a7905e896880b9b04a7aa1c1f1d913d45af0c9a213226535307ecd27df7d9814307ec916f3ea2de5ff22765349763b93e2447328993e83185e0a7ad95845bb0ac0fc125d6fd98b392d5093a0523805678cae84fed0cfb22bf1e1686542880a8dfcee595600e1f9bb641a454adf9bb3ff7d02fff9867d0877ef697beb590f5e0dfa6006563e59e8b77d9f4916356044134173106b85089440913c141498a723bd682483dcecf2fdada5a4d1c5c4e7b4c928606475cc632a9f9c59de1f42f87f393a1ac3b4af36fcfa0122bd6c865cba71f91dcd2563e8fc1ff6ecc833016008aabd711f8884fbff8e2659b9d9dd552f0f9f3e76d727c42e474a8681abd70d11855440f15b7adff11bd714e681792044ec5c37048cca1dabafacf06651fb61664cad5555b5c981348b4545dd226887a50021474da07285e3107f4a5e7a16cb22bd993d5ea9ac62b430343ce7b65d4d251b46281ac59f432178d21cd3079ed642fd7cee5c34b7e477655e226cb408d645ad9d3d1f428038395d4ba26de1fa7ac0460942c161397b82ec4364669cad64efc15c1a154d216d09d172fdaf19327ecb9179eb7172ebf605307a66c7c7cdc8179072b325281a0033e42974a9950231c96c9e97f41cc9d26cae60fc148a9adcfc5b592af0cf4c85069e011d3bdeb2ee14e78714301d85068430ddae1a3d3f2ed695af3977fe1977ef5210fd0073efda15cbef92fbca7dadf65deaab3dcfb3d6934e46dd9adbfbfd57f46b79c7ad0768b43dea7e8cf0f4c4cdabd77df630726a6b48c4d0695b16bd2ad4d41caef93768893c709d495e5aa5dbfce1c7046c14a26600e474068cf30000e29cce9f15a9bff3add5c03200b4e0916a75b1a868c7999ecd6ef85ac3ca29405ee27b35082e28b82aadeb5ab57d5471d983a60c78e1d933a9f2cfc34fc77a35ebdf79487787dc8f4b6ed065660ba68b702545c630c8562515bf3cf0d7d6ca02a9f0274715e03f8a595452f73c9ae7c9f96b5fd6de303f326012a1e45fa137a646d6dc3d6d737ac542c49e6b3c2388b83521b2525056716a0900d346af2c56e7a52643593cc49a20ca602217130141681906b461dcbdb427623232601370509011a2522da538c8754b2c79ea9f66df53a9cfc30383864e7cf9fb363d3c7edad2b57ece16f3c2cdbc1b3e7ce481f974041374a801b323000683bbe5841f9a9e0cb4029ca52a45539acdd8f54c050ec8c92b5c59a8a7f6bb61be3b63473a71a903f6a9838f9aeb1b75a870e1fb5e3274e3a1e91b30fffda6ffc77ff52d1f4d0431fbfb06b1d4f39ccdd0a3ebf45f6065cdbc1d7fac604afdf5680b6f51d1cd7fb02540cb1a6d9415680eeb92426517ed7579260ae38fc1e630847225a1f1a4370129bfa93956536f017657b80942273338147c10ce2444f8bc1fcc9054331dddf64df3ff131438859a9f78c13573b8c90b7d1dbe50d67bf32a07f2875cbcbb68928d9f68e668594b5f8a8301017fb4600564b8141247ad0e052a75bb2ebf7c71b1b01eac7ba83161c000424d91272822b0cd6149c20b96456764067e66ed8e2f2a2462d2c3443f34b4c1b0f5200a214a08e7e3acc9193f81a638ccd7a43ce6adcec042455085934910a2871e5a312bb9fad00a59a70db846c04a39e34781889b8225b8f2851197ba9edf043d0d7c37c1d4fee6bdb088d7b29a9006523878002650f92bc67d00e915860075dbc78d1ae5dbd665ff9ea57254076e2e4719b3c30198fe72838440ffa426dce68bc96f08918c585944d5a1374b16b3f46b540a01bc33fe3a86c7a0c9f14a429021957e57a6805a76d2882fdd4e93376fce4297fcd3b3b77fe37ffd3fff274167d0f3cf4a9ad5c2e2733a9f45f2b40f77e726fc87aca0b80f6db64d03628fd6d32680ad0c3070fd97df7dc631323630a501f963bb5cc0334ce8e382df5e684943fb7006f00b5bf5bcde14ee60642042d3d1b174a1603f146f2744059e168668863046af28314e15b379b23b4fa0850808bea8ed12e1c46af8c8fcae8d088f5f5f466528fb0589c431a2c9c4e84b608482fc9f8ba8c8662db421c63015794dd1c5e41336476592340d903ddb06d06f9ec4456abea4115a08b0b7603932702143b08c63189871ba5ad00a2107df6e08c0095b23ef2a5db2aeb080616b17bbbfbc29bd3e978dafd94311201ea3bb3bc877235e703b99782dfb84e078c008d92d72bcb167827a025fa49975cf1f7191e755249e4f04db2aa580c5211340850ea01054b870ca5304c3a75ea9432e0c35f7fd8ae5fbbe6fe3803fdbad604fa36cbfa2a61db05d2fc5a8882488515a78bc670d9069338a04121f5de3989d001fac86d0d658a54f246459430108fb1d48b9be88aa7cfa03775944f6fffe67fff5b62ecb702f4173ef970cef2f7ff4d0728e46cae23017ae9e2dd3681c4870aab5653ad15b32c4079192d331c8d0d635093746ea4b1c3858c92855e819312344d33c4f59ade50cdd46aeb19a99e92cadf2057fc4bb4b7e0cbc464968d9bbc243fb0a4e0a664a343d925318ad4a302f7bbc31a9bfdac4c31584f4a728e3eb201e33e9af05199dfa9fce5220312e9bfb49789503560ce8a3227ab731b1c3cd5154979f0ba1697e605122d2e2f68119c19a714efe9ad206c287b46ef177a487bdfd8f03a41c8acce88c3358407fafab5f7e9ed42ea41fdfaf07433616a292e5029782f9a8233232e24027dd67f46260d223f819a324cea417d26da08f202026ba813ee401bd1ebe27dc60c790a81b0a3c744a07ffcf1c76d6961210e13de577ac01893a59234cb882d7a1ebf9ffb8620e3bf34af94a05a18f78af8d23eb60b3243ab540fe2bdcfe5b20a35cd81d3c8696068c84e9f3e2b3172cbe5bef1ebbff9dfbe6b4f807ee6173ef53fe4cdfee19e416b16e5dfc90cea017a70eaa0dd7de79dcaa04519f74680aa77f341e4de76378c86d3a822c4b7b8a9fc54767a1f171ae44d44736e04de6cb18a7c8b9fd3d611439fbb89c8a00be54406892bc7ec130e3037237abc9df41b7c8d933ee675646e800c1a33a9c80f0d69df90bf33349726ae982fcea6a1ac5516856c8f846598fc80e03ac13e69220229c221666f1204d70122462dd0062973294d31fe659bc54bdcaaadafd7c4c2115d2eb16d5249a943247a79d52b51b6390fc82b123499b6b0512c0834629c85992d1954d68b120af33fc9a8caa2592feaf790ca5b080dbc87710153afa960d452836fda68db2550775db7e8dd503d74235e96afb7159852c22d7458efc0a04d4c4d5a67b9a28ae9f537de94e835f35aa907a2a2082fb8b3e8fd6e3a04742fc4fd11bea6a90af375c2bd20968ecae4e9d274aeaf5316bd41c8142264801cb23771cfa61e55d73b10c7f1f1093b79eab4f5f5f75350fc8fbff61bfff57fbc27401f7ae8133f63f9dc6f7b36f2fffea64a5cca5c8499efba70c126470950efd9b46319a4eab4d19f7480d2136e299872fab72d0507e8e0543fef0f12c52c3188fc731ebccc42f77e3d7995b81c4b3a0de5904540138ccc0fc952800a1bd8b16faae4e2a6c150880065580ec022b35e10e9386cfc5cf19b582af40058c58267d0d87ec9881d5a79730e31c1c907fd28eb666b58dc5709d0555b589cb77950dc95250528a300d84272fe4a593464301953381a9d0818ae06a1b96e9bec07ef5df2b0e17a20104690523a4a1f4a65a1f7a3e815514d38a2eb68b442bfbdbc8df96bdaf0d161088d510b0e0e1a5182fb36921fb45a958b0f644a191961e3d8373868fd43435a377bebca558142644000c24ee7b63ab1446afc2e6f9a56ded2e36799b14da85a04cf74ffc4019d6889495e348d8cd2e71d1c6bc9a2a4cfa753ca83d4e983be973aad00a582ca35731ffbfcafffc6ffbc2f407ff6bce5779ef95b11a066363a326a77dd7141343f025400510a50cdb8525f1387c94d44642fcf44940f4ddbf426279911ff771aaf04f52aebf752d68a3964cc47652f186b6b04086526fd1ff4ba8db09c6720cd4d46a6a1a41d191b97bb333ea0887ec90b268005a7b4795febc2627efa2684d9c57edb382c327382dc847c0bba3d1b1ea0322d5eb3754ad9d53505e8e2d2822d2ccc690e8a2e118bcba0b81b88664174882a02e0859b5a99bcfd77498d3fca6e78b86ca3f01ce94d798c4623401227c3c3cd657e8d0ca7d41454e67bc543ffc9c1a7c5c0008d5287a5be2e465b099cd14c33505c5f7448a05102edf99df4eaf89c32dfe91080b4b8bc6237e69887afe910d5b27ca0aa12c816d5725bf37204bf5be52b8feffd713672c9a2294096149c8143081c0a62ca1ec65c3617cfc42f326032253f6f6be340cee7edc4a953367dfc843399767277fcea17bef0ec9e00e51f0ffde227d938ce52e8df5406e569d3e75c3c7f871d3b74447350c6120ad204656725aec3dd7aae717325a023013909c6cf607b313ebc646a57eaf3e179bc693c9e82db7748136797a0643d0ded5cc0199103988dd5d665aa842fa8f47302451c181c9437e5e0c888957bbac5b76d898af98557b9173ab200352940f99c27d0186ec752bafa219e3fca7ce80b415408b282462ccc42d757b5a5b1bcb224db07c62cf4d8dc986b0cd4a19dd1bb251a9daa8ad0c8498d7ccc2dd32ea8020e5a9f6437fdf4d7e6080714e389ed6d8d5890c294e20134c012a3187a517eceb77d3c60135f32b6e8629b236093f0c949193d1dc21ec8a92f55dbc2c6cbd69616ce9756789d180687835da2fb059240f5052b0ae00bf50578c94e2a75db8f44374c87650a205fb87709d56cea10ec389783f16c982a20af065a084faaea1c488d7631fd3d673ac44f9e3c6593535322067efe9f7e211c99f6cd501efac54ffc9e5987cb9fbc6389dbf6db83c6757b286e1b0f5747452aa7e249fb4aa55e02c8e785b3e7edf89163d6c9705cd9337d38bd4ea8a046047e9464036665416fde5d313da99bfbe70936665f0200746382c8a52ce5378ffc4194a57cee4530602b4860b235829337a0939bce3a4843b0d32b73430308614884a6101f945fc50a7337f71ed5dcb6ed3a263eaf7e77a6c1136512735891d0ddc54457719b15b92d21d120b72aad19b39045a5aeb0261da2d5b51509862d2d2f4a7b087d1e8093bab2a607e826fd76388827282a867c416af7f79d3251fab7259f27fbb27c8c1654fa12a89b2a1bdb4776cefef29ed47d5cc8c6aed5c46b4d7a4dcee3f5ea2821b94ea2726497ccc77b4e1f0c8e00be40e62740018f9c7bdbea9dfd3df37ca36dde98a3637341a665658d6b9132a12734e7ef3a72ef4b16fe0094abfbc8ea59a91e1550eaa9e3675280a7dd95d6bf5bd993cf317e2340e93fcdec8b9ffbb55fff7b59a64d7f5106fdec27ff336be6ffd93b07a8977cfecb6212d4f6bc7561da1f34fe9e9d467bbe182752cae504a8837dd6d3d56de74e9db113c78e5b05eea732286ca2c8a2fafd3e6acf7aa74431a06f893e46be2c71da3bcf16c89ea1b42bfa499b15276c658d60a148dba8290b7bca48654d505f183b1bac75d5a49ee7998300764f52cd3609cece9275f5f45a5fffa0f50d0c88c9d43b30a0ed7ebfc811645959aef58db8395d00db45b2425336d83159702b40b76c876d0e4adbd5aa829355338293d9286c1b54fed66b6b222a307201c5457180b5b30d6e6a809f2c40e94bdb747242395e4113b232bcffa542519991d92e25ad84b7339d253f24a51ccf6c52efb3b37004b231538ed1459a5f7b95104114632c329516ca65c9e14af75c271108d8300af94fe73db3adc419ec37561acd24c3217504ba2743270a177354e557aaeac7b93dd21c33dd9a92608932d6b9080e0cfad8be75037ba64df3eaf682343480d58d787288186fa39ff8cff1fad945a5bc656c65f9e63ffadcaffefaafdf32403ffbd94fdfb3d3b447db03d40f83f6a86a1dfb1e8aadd966aadf5b785d3a7cdad3fade5f9d057a90aab177e0bbcbc54e3b7de2a49d3971da7a2a5dd619bd840254c4f9c4f849e899efc028932a7b3aa8e0c64989bae500519a8f2a7bc6368b6f1db8fda032af9400b1b2c70b144b3e46324e22473c9b6ccafa59cabcf07c4175c99ca0b40427e4e70a7f1f18b09efe7ef59ec203535b1b019abdc571c331cad09825a92ae82c7451ee544611a078b0e0aa8d58584272f9538ae9180cd73d485380a2a600ddafca0e6542732911c97e11b0542331b46a118b42c00d2e34652ae323b228e40556cd84e246e9ea3ab82d943d495fa7b2910715f140208fcf389d648e39622c4b275c2c84be5bcb0d7ea0a6d2037c41c87c80496a65d24c378e6f07f35256f47e9ad7aa001535cf11569eb3afbcf9f34fd9');
SELECT pg_catalog.lowrite(0, '\x348b8528119df515a56af08bdb833681879ebffc77fb7fed55678aa99c002c96c7f1db5130ef6e5dfa955ffb8dc76e19a0caa2bff8a9eb66b9093f39da0967a90c6d5b368ddfe3e3edc89c592c3a54ef47474aa36d7fcd3270bae7fc9409cb1d952368e1de71e69cf575f5788046e9c9ea99d679e33f00002000494441549040bdec363436ee74ef5162b52cf6f1388a7dac12ea7189bc1cb6ea803fca945ba8fbf9cf7ad68c456851be6a0265c89c929c84dc20cd57c60b94b565ebeaee35642b7afafac464c1229000c54d9b0be6734727817ba0b64961a817754506a9b287b7a8bfd808d0680dd8b401182283eae0585f179b888d16e6ba3ccf9ad4fcaaea43e7216954576d65b5aab53305a8905cd0cc1d11e845438b164383ade8f35375e165a29bef7280129cec8362bf213b7a496d7aaf996e7a2f177dc344561089fae60c5d6f4b827f1b30ab02554a8c21f2e619181a1ec8384e778ebe12a05227e4fbe2b56419b46ddca6eca7e7e1f43fc024244851fa7361895456bbd9b3985c51ba673770049c8f503c4815a891693d4326c6947f31817f5e267b166ed597fe3d94b5ec33336631b3ebbffcf97f329582737f6ad4e71ffceca7ffd75cd37e724f80a6bdcd94eedbcf03665a2977a51a3efd9914796f5a37f35fbdb75c680b504c923a3aecc4b1693b7ffa9cf577f7b632a882332c9242802b1b87b4ddf419ea17cdbfe69e71a135070d8048e2cc31b250f9aaf59f20416f50ca129010a12144bbb18fc010d10ebdaf1279bcb324550744b77afafaf577e698ac3af50f0e4a2232d1e8609a783044799e52aa969a5dee43944605682c06a415340973bb58587d635d3d28cf3bd1fdb87901ab0850d4fca0f8adac2ca9c445b87a69a56a4bd5156d8180e2aac4e5e617952e66767885f25cd4e7c7e91f04125757c0eed14d789987f64816b322aa24e52f5ab8720f533fe81b2c22604480baa0370fec8fef4bde4991c17b73aa1c96b425389e7165fd73cc970956b230c40bc659d221a29c4ed68f0e3d04cf39a9667b90f2730428bd3877af764763dca3fe3fc0a5945cd2ba59ca8859f91bad5d6297b582b2757fa740f72ab9fd9e77fde489c949f16fa5e267b97ffecb9ffbfc4fbd63803ef4d94f7dc49ab97fae7241d7c623ddd1cd5b687922f9e18beb714a24a42a8e98943cf7d4eeed2f20cea8f8f9bc4a5c67fe7b809edd13a04e59885e357e666f807ada175c4fe9430d9381466eba9b6c03c5ce09ed218230813d1a9f7023d42865b949369d6584d8d6f6966be6049a49df00899c6c49f62438297119a770326ba77268485aac19ca974812e264c6738c1358b35eb8ba5980c6d64ed83d68cf349408b555c101d2a88ba840c6a767066526db335a61597b7979512a787091179697e541cad236190890058048fc5c95f87e6d6433a892bb55a2a59a084286bc58202cc08e8ae0c49898d53a686bea4db5cde27685ce9af2e50257dae7ed0865853003cec827f03da810a47e0f06e0609eef843acd8fa0944e913eea22cd4bea4699d58143c7209d38efe6550eb411c40b7a3faa1ea04268fd4f912d2260f796b3d16f8630799641d301d3261d9a023b1119b2806bab2ed30808123f33d0b05ffcc95ffa955ffddfde31403ffbd97f34b2bdb335a7bcd83435d4886ca9b98f179148dcfe27c367b7df6bf5a32938a31b8d8ceabfb8356bcaf4500309d6d7022882d076fce831bb70eebc84ab5389ebd227de7fa641af0768fa88d231f89b6ed0e3d959a39230de4532441f9a657a4fc94d4ea604b94deecef208217825abb1ed086dc69775ed5be43f311feaeee9b3ee9e5eb158d0c3e5866080df37382c043721a32accd577c59e6010b1b92132fe678c5d34e18f1d37823389a1c9ee1e04b9ee4479fa62015aca3050165dccba5a75041736cd32729ccbcbb654ad5a8d83070a244011e57cb0775280129cf25c8de9422ab75879cbab4f4dae668c539013e9945ca7db32781675ce31aaf0aea54bf9ee6a874e574c7da9409a8cb0e10dba0809a136af5dcad809754eee96d6bb98ebd247d6363724254a30a719b788f3112932f30d7498ec4d593cb780670d82631eb8babf75283a8aefb76c1b3acbdfb526976c3da2c48d2c9daa85d61885c78cc749ed67d2355245c96e73871d9b9eb6a3d3d38aadcd1d1bf9dce73eb7f08e01ca177ffe818fffd1daeafadf0592672f101ea6bfd150bafc146413c36f265fd04da7a5fe4c43f84c572705acd7e2199c9dcadc14dc31235610ee9a4d1f396277de71870df6f669162ac913decc0862cfe84144d817a4caa0a1dbe36404e7d32aa34ab87a4b19674bbb7d8c4e1899a42c94e87abe9d8297073f8f65bd32675806e28a8dd030e509c189a66989e5f0828b57718c402beb191c7229cda460c60e890e8b08d044070bbf1011b4b5941ec119fda7460e313ae28625cb934109508d83c89e6413105ce4375389ab7928de2ccb1a2facb09246e6d566451016c8a69179a89a1c31770eadd356c39725f491b8066e3b58b252c92d1e18c1f07a095095bb151fc7b8dc26a8b4abd227e4b34579f3523821a63ebf0e7a66d28ec22252018bca1f0b10902e0852da0e32287616d14727927da403895887c6117fd27fcfcd2f68ec9450e4b4ac90055a568e4659aa7ed31f2705b1b8c55980268b494f4ac92ec3e7d869dfb41d8ec139216723a3a376f8c8511611fef8f3fff40bdfdd1e9ce950dcff39fbcf7ffe3ffdf4ccf5eb5f989999d31608fb953e3e40b5cec5b1743a6a5ee79ff7d1800fa2a599aa13d46dea523fa56a23216ac1c2c82adf6ccbc1cb2b6ee6a3870e8bee37d43710c8ad7fcd6d21c43f89ad9244cb6b314e44d993c4a6aff6a480f5de73473d9c832a2dc2814a441111bcc4e546a7cce22ae875f03a795d9d882b9704009131e937311ea2c44d929b0ad05c87d6b3bafafb5b1934f59b10200204497c509daba2324696690fd010c096ce6f88859141852663421c2321479b5d44cc67a12b5665804f702e2da9c465dc82f4890234287fce7df512571b29417a570b1cf4383f471d39e51b351715790170c8ddcee010435260f3050aa014ff44f7438ad45f579641d3bc31668c89779b1844699345805d70a335bfa6fc6dd076e07e067dd1835324fab4ab1938898fc11331c21dcf08e8d9f98550038c8c194a83e9f9799249e57d64d3149ce93524a0288d5ba2e74ebd686b25cd5368f6680116696daf5814da5f2a557ef67fffddffeb376e2b40fff13ffefbc76ecc2ebe7af5da8c5db972cde66eccf99037b45ed29377c571ef9944030b4945a97deb42f9090a22e9285e32d349178ac7740a9f1bdf72c2866e8d991d3f72c4eebe70a70df5f5679227a9c4957073a07fee27ea3cdad678c5177edd9e3eb89c2a953c302809352ed126fc86b3802238198627572dded6b4fe0537b62801aa2e3936d37756bad84ce9b2ae4a8f5414126fd599417e78b1fa84dca3cffb02d14bbabb49ac2c0ab234dbf3fdd0c8a2295061bc84a319cf11bb074adc90d057c99ec6415ee242f9ab0650b42ca08812979b3af9b330fbf40fcfa4ea36a47a0f7bce81228db492e1136b555a22d8d575ad943a15a8525210ddcf95e139a0d97861ff551c5da8822c17a40a2b32541ac9482c3a21dc29034699ea5b49644fca720f500251e52d19945e35fa523eaf362017322e22a92490282f0e340a8737e6e6ddf231a896ed44111fb5f81e6b2024510647268e9e79ef9e6bea655b6571e20464bd7064a356ffddda29dd6916a6bff295afbc765b01ca377de423fffe97af5cbdf64148c768fef8a9d0b6d695fac9b6a1ae2f3987f64c10c15319cc0b6e05a897c74240633fd2336e2256e7adab54b2fb2f5db2f7a1178bf12a35bb2af754d7b788ed2a750378d1867a6caba40c2a8a1fa7303d0a17981e93d2103450bd27d0fda60020ddf891393994201da80ce2a26050dbddad752648ef049ed4e22a5d562975b98220af3bd8406e9a148bd9b2e373c7691fcc92c94387b78db0e043f2b02da4870903a0c43cf2f92c814880fab236af2da7804f01eae31705e83adcdcaaa87e2caf2f2983322375c3246691f0fdb57e9658335a526f1acbc1ce634d064a6ee4e463a61d05a68c7a2577e22e64f4a2aab4e4a7526a23d29795450580ede31fab0c6c43e433627a8cfa3255bfd8b1f4006d895967011a1954ae69d93cb46da19fd75228d8d2ca8addb831abd7cbbf53df9f8235f59969154c77758cba94615380c69fa9cc4d83e384d6b6e87ffef36e4f1265ee9e918b7de58ffef8ab7fe7a652761f0361cfd73ffc933ff2c92b6f5cf9afae5ebda632d74f7edf1acfae631be09381087ab6dee867bd71e22a2a789d46e72fd481a7c4fce747dd6cc76cb07fc0fede0ffe807ddff77eaff5562a2ab31cc10deb3dd82ae14ca65b3e9ca153800206a99465009e05e8a6104e7d6c3828e419d43f973227c0106fb23365f0487124959eb30bf241ec732a40cb58ede1968578b3f36cf9d06c34361a787eb40542375140d7b658c87a2651eaf4eeb7d917021029403b503a70445d8bc1a808305e61cd8cb110ec9a366eae2b04acdb7a6d358214b06845482e010a3802cd0d82026ca268cba5ae2060444c1deced7db753814a7554403dc28d95e9eb519b67e6e901ea1fb21d54c5e49515af59e051854cea87941cd1f794853a62333c4174cc4c27cae7d7b24a94cabc8f527cd52c6437b97621709d2c0cc58af20dde4ca328816d0044b373f37e98c6f3f45eb40502a5d149b2927401ec24b1daba7f5bcb0ea90c4e23a376b5904080e3f115a47a9ffd75e72df7a92ffdeb3ff9cdbf54807ef4a33f36f1e28baf5ebff2d655cd8bd264d62dfe5238260a53fb226a60b519b735fddac81c0289bc744843fa6c20ae27eee3eb91c141fbc8873ea420ede2e62770135308d1ac084e0a193d72ea3743715d68ade079b29497b6891194c611644e56c35c85cd914f6e06de74f5da1a1514556a32362130bb7a7bad44890b1052e91662abe014300490d5422933c649ec0eba0a9eabcfa371e494b5640defef69e27beac6409b46fa346d3c503649d0e1a1bc5dafd956c303145eaef8c2b1dd826a7a0a50e87e645182938f2af60f00637b02344668dc889a79bad48bef76faa8844cb30dffb5e15c5bc9d0d09ea8c5f183d60d907c0eea00a257218069901a38f4a42091183beadbf605681bf0c7bb22427ea86350964abd02a00845bf6c0eea0af41ea841fc4f648810112340216520de066903d08f43341b6929d10510144b0c3a700301f6004d4051a82db411e533b654f4a2ea61dbc68b7e9f078d30b1f08893fceee4effffe9fcefca502946fbe74e9c217afbc75f58768be1d7a6e1f9fb435d07156b5130f329271db16b98232b22edfebdb1341cf8ee00c53781b1d1eb68f7ee423f6c33ff0fd5606941227d439604ecff3f9a6547582002f3b84b479c2dfb969e15b2a40b75c8f1462bbc6118ee2d2b3d16f724373f1bd8f8e71007f823e52ca0108f5f58b21d4c918814d8dae6e8d59502d779b41cf9cf46d7aadb1e6c6dfd312b35c9d19d31438d993da5d92eef457eff07e101458a58a191e5f14495c6ca175670f057acbb848bb94c17e92253c367d3554fffcefcc4109506ece35bc5c948ddcbb4648b7d76a7e0c36779541a5d61781c635d37a1d63376ecc08d0a4e097b22ca091dcb543060565408da3981573a8b589b5f93e6cdc192930f720f34e05140921e9cd8a5c0169818f44544886c4708c4180fde8d6502f0214b088c904ea8f94f85c577005b47c5d5f2a66b3d93a19bda897c0225748d3b735a51019238d62d2c68b332fb23ddf24a7ea7da74345e9676437dd6c7ef18bbfff471939feb67b50bef1c285d33f76edeaccffc14cca1bde770ed0aca16ea304ef670cb59307136ae7c19cdca33d834e8c8fdac77efaa7ed07beeffbacc4505ca5b1af38b5023408d521189cd8419a31923db979b565e29954a82c8a09e2d8ba68b0c0943582732b14e2c3195b17868bd7694588e1dd3d222140db2b775504fae00406bd8fefd1291b0bce7a9f12613f4aecc45705fde4464e5a3dadb95adc482ac9e2efe8e50a2072dd5c11fd3954402e51f213bd8ff2bce1652e7d2860893c4b56b572b6515bd3f7b602742502947dc84df59e69d920eb7f03ade55c48129a644902845d579565bcd618eca736456a1092ba74269494e62353320580bfcbbea8e45e340d208813bae98bcbbea09da89a8ed28b281f847966b7eec2ed01ca082c95b75cc364ae04e0b51b0091abfc39df0d9a2323167e1eade442a71f2419ba1cd22759b99b465e8cf8a28a4899b4551647f91b43e32400a743366881aec8e842001ab7695ca5bfff075ffaf2377ee756d933d5a96ff7357d7e68a86faed96c8edc1c9c3767d09b1f2895befbbfb755066b552c71153defe8c91f3e78c03ef6d33f65ffdef77cb71573a89abb4bb30234141184e46614be2da7ef49627fdb87f6dc806450cd1bb77ca4c2bfb53ab669ab55a87055f533ae07e4f43a47f03c7b52c25610bfeeee1543a817c9921ea7f1f90766b03e84e767b878aec8d07221e3f54954ab239ff5c48c25981bba60589aa1f96826f86f6dc119014a269193193e2cbebd92e69f1c48b2a8600491d41520d1d718b9ac6b258d0cca2c940caa197703053b1fadf8224fd0f3a23253ff099d51caf22e69ca2c32231824e64d94792d5d60f7fa94e35bdbb234410e7143ea0b52a46f6decc498b515a499aa1e9ab8b1cd12026d004462132948d127f2857395bfa1104120bb6916fc677f4104280ca2f9c52565580022c6669e417d22a1eb17735f655565c610c18e4d9c244dd3ea3f5ba48b742db3b238161ea8eea87c1a1b35f90061ce65cd9df9af3e7179f49d02b03d726ef97d8383bd9fcf59eebff02fa65dee9449d38fc4e860cf23ece5dab6bee47dab1fd27e5ab676317967e87f9a76727ada3ef6d19fb2ef7afffbac48a915baab690e27fb3dc62b295b065f5359848084500d1854afabd42540c50e12e366cb859d17179545084efa2414f5b849e522cd8271ac8d75f70e8880a060a50fede9d11cd47b9882acd6b3d96592b1485ab69a2986a34ccc10c9e09ce7e50a437ebc449d5e96c39325ed8bea346e654f2a11a1b4cc385509d414ac695795d7a8d74e80aa9f8e2d97c8a0681589ac005181a56e96ccb5bbe937b2e3430e6cb9cc896faec8644bef311e356dd72efaea84ca3a1b2774a3dad078275d3802cf2125a58512ec235feae6bd4ee38c44ddf66413b3eb5870488b0ebe89e4d44438c4c99e50cbe741f31388a4604dce76aea20f6a3bbbc0a869c5214f66fb9ad3faca5ba2f6398813f35abd27fe1a54b2eb3af99f19ca9b718ee37391b1c99e2988490ab595aad557ab96a395922e93fdea579e7df5e7fe4a013ad2db7b7ab7907fa155bebe5de26d5dbcf4bded3de9de27e1dfdb1ea0d9367b64d173a74fd93ff88f3e6aef7bd7fdd6d1dc7590887228ca1f17fa72ea9ecf3a9314c9566b8f53fe17756551320ba5209b1e58eca1f6bebabae6c1a94d8cd009123b861e93531e4f0f32669f154b1ea0e5ee6e2b495728f46b8322e6baa83e62f2455f0e48f7c614f1024028081890db393cb861a5c55b0ec3dfa0c3397d270234290f10dc8d2dd7200a157910e874f80088e9fdd0eb7492c5fa1a3a447c3f6a7f555b56ff498022bf099308da5c6811296db8d0b28f867c46bdbd8d41705d777a6bf01e573810f86cb8af6b141ea92a7193909897ba804dd2d0a53261f15b2d026b755135a446adcd9230056652d44bf4bfc61641486f4af68cd2563ba3bea1a3510be5b182349779d0a400a59ff412d711e76c24921655dad870c96a244d1ed20196326edadc490092f37f13f737bc7b76766ca3ba621b2bcb9687cf2d40a179e64f2ebf76f9af14a0fcf0e0e0c0ff9d33fbc177ac856ffae2db65d0286375110224ca7893de4453649c3975d2fe7e04687e775b3d281798cce3334fef4b64c397a44bd46b7a3f065348f4bd18a5247610c642f3f3f3ca9ebce1f4430463a154120840a042dd83e45e2a55149ce5728f75e0ec85921d74beae2ef523227d27ce6c1b6f330177223910607abe5b9e2d72963961f33959f875a59ecc9506a42c2fe650aa3478089fe362d4ebc873f06f61030110d1838a16e7cbd1a0d2da13ddf01eb44a79ab00456501f94dcf9eba9141c583bceea25f9e25e8e9e8d3797f35bb8ce7937a2be7d3fac84059522531aaf3ce2a5280666335a70f3ae8e4ec32d05e9159f49afdf5b61fea993e515c6b374f4a9ab804283ce2286fc527f68d9ce474a6ad186d0e356d379f97e522231696055c8398f6a4d583debc3a4670c5b82ca8825e6184fa625b7b92111b3202468b432dd32833abafaed8dac23c824e566c36ff9f3f7ee1b51ffa7631f56d4b5c0fd0c1efcb59f3fffd760fb6f7ebef1ca07b00a23d01ea4c9693c7a7eda33ff593f6fe77bfcb8a86dbb6b38cf60668cb942653e2938c662223a017e4be99bab1eb755b59c637f38682bba70fee6c5981c78c93e074fa5e8fe69bb23728775ba1e84010df079a0b4981fe5324ec20b2b7c6068edef29f6e441681d53b357ce69bcbc52cb6ae2d14be578830599cdf113dad67e4906e69b7df03450d2a62da4b5516a5c4cdf65d3db0d47f6a5f74350bd02a929ceb3551e5a4e9133d28cfd7e7d2055f92c0dab0e1be9b9ed85ab74a0a60ed46a600cdf48ba0af790feab3d108dce0f6bae25f08c025fd60de7bf5a331868836617f99db1ea064503f6012d9df7b5095b92183c3ebd0d7c9a4b99c4c8ae93fe122abff94e16fc2005c392295b92a71db45c162a69d550b59e594e45192909dcb71fa7be482e43217cee76c73b56ad5b9596bd6eb04e8f7ffe1f3af7edb98baad00e5e20d0d0dbc684d3b79fb41ba5fb7b6bd344ece566141d71ea0a29aeddae14307ed277fe2c3f6773ff0012b17591076fd1bbe46b9a892359c979d1b1aba4261c82ba53d6860ebeef4052d0ec5f59999eb225ec07f04f021d0083afa4a51f8343e21082bf2c12c1699dbd19fba4e2de3946204b3c62a1201730a9fabd2e7142ca424f62579831359c2013df77c71dd5d17dbe2a64d3e272247003a0558914a3bf55a8c8d54d21380283d38330a80c8f57d63b199d235ac09d9192593b2cd021f171e2ef29b3c9e23a681ff07038cb3058e2b440682b7f55f280944afe9638984d20206f9f5f65216c0cd99621ad150f6a66c1a019a880cdcc85411280b648c9ed4c7c7b825d137931286bc4213d15f01eac12927eed8694d52991ea0f8cf98d51a0d719199016bef3366d79ebadbf63513f738b66e54da27d6503bc9463d7a02925a143f977569018eb2f44067a956b395d91bd6585b7de94f9f79e9d4edc4d25f2240fb3f66cddc6fddce83a6efb9750fea84852c83667a24d1c30a2168dad8e8b0fdd4473e6cdfffef7eaf9583ada229a19a3bca16b775d04dbbb3e5fcd180b299792207228d1e4eade56505e8d2c2a25d9191d1ae2cdea0ed31cb049d2540f93759930094ad9ec4b17c9452c4894c96f1f8eb4251045c70e1ab348cf6f5220f50ad63150ad9ee69b6d41b7a3d0ee8d027a158ef37b65b295414d8aeb78a1e8f1bfa48db2766bc644c779876c0cb45b4bc0f4f3a406246c53a9aa87ecbae8dcbcc17a28356b862ddd7bdb09b42b3d972911fcb1612242973c6882db04105526203051d50f88096bc837d14d4bfd487bae81bc11ac2d6d1a37283031c01d6b064a172b79dc812664a2948f5faf49e84e8592c9a3b68e48a8a311df7ec093512f5c1a6d96a7dc31657aa02981ce8a10c2f3a4b2b561ed37236a56db6af9af4a252164db61041134caca8b409e3ab6b5404fe18fe1ee455daaecccdd9c6cae2dfffa3c79fffeddb89a5db0e5065d1c18157cdecd8fe076e2725b482f3e65fbf9fc8e064a3008c126d108d9866d306fbfbed233ff1e3f6233ff48356913095671fdd4ada154c1905197e2fc314a09437d2ebf1f27615f6ccc282c60c90fe71fba2e7ecedeb57a6ec1b18d47c130202009073337d80ddd919d9b4dca572489e2fd2adf15e55b4bd3841fda54445b0c3c2b9079878b2698b477db703390468f0a9f47577e3ce49ef078eabb6fa2340fd104a248c00bb248ecdaa99bb4e2b838a4de5d22dc97d1b400ac23cd993792f99378935eb46ce3505b6b0dd426f0abaebd9354dd6fd5966374aecacfaae68b2b24f86c65ece3a5dd355f4d47f097c0a5bc2e83f9d9914372f4414d427cad8363aaaed6fe7de75c22c93cafe8183c983950094254404689aa54a1245f2a24d29e9af6ed46d89b19aae492b405dfcdce7b03eb74fcbe48992e834c7040625d45d248784ea4610ab470d543e1bcf446bd3b1bb6babf373affd9f7ff027d3b7139c7bdef7dbf981a181814f5bcebea01f4cb291e1abd94e6b7be70cbaf737fdffed7d0790e47775e6ebee493d33dd13ba27ecccae366857abb08a80006504026324210b24104107d8670c2e82a1c077b6afeeaa6c9f53950b071036186463d795f1f90c06636357d9180edf8149e208caab5d6d98d8d3d33d3db1c3f17ddf7bffe9555e695701695553bb9ae9e9f87fbf97bed08e084c9637cd165912afbbe17a7bd34dafb71c6ce2b81c97bc8ab8907e5152ba5f46369b012a15be3528d881623533c3ec393d35c50c82e0040b0559136a7b038352dd83ea813898e89d402d43e9850c0a289f4e5a6ad8907e26098f50df23763454f15ccc0901139e98b11b150347e5b826d791a5541d9082e4207ba1ad362d2b429b17bda7a44ed0c78a5c0e7cae32b213c1d143ba7fa840f31012830992acf378bfb47f683230d19b61379aac5df42127c826fdafbbbea1a7a2d27fb88bcbfd4dbc604c44e520c396c4e12df83776d9e213ab07951bb77e073d288665c0ed42919e30b9d06c8a52d7d94aac2a1ca8a07d2794216058246d22a80a0a5facefa3f75c6fb5e88d5aae5695413d40f1392a49b850b9e3c5d53b6239e4200494b37c6dfe1a3b9dddd5366412b0c56f17411a7873cc242c6595d9b95ff8cbcffdfd8368650f177fc795419545870ea55236a933d5512801d76b7b1465cb87ea431ff928884c88cfe79a57bdd2def2a637dac8f090974ef8d05dd7d67d1c13d35d5763a0325f5d13dcd5a5255b9c9bb7b9e9699b3a72d466a6a7196c286f51da227342bb56e0839c7501944f035d713fb91b0d094c3f29239d00182faeabf09c0c4eae71653981ff77a05902e40faa997ea65d1f82323c3493a0a51ca3b291f6bef290c1dfa80e224011802a6315a8528f70cf19f0231d5f0cf130dec64b5bf6b5ae278b7e8c24eeca12b392ab941e1b9cc9202870a428631564225fe34c5319c7a075245584275532b062a132a3863141338c2c8a204506852a3d800c18343da8d48513997bebc8442970b760e348e729942188244280d69bb6069b8746d39656573c401b5c29f19085c9b207687b620987eec0ce724a4bb04c04a864699845bd8ad26aaa8387bc02d5e18e3890f09acd8e7cf4a39f987c2cc930792ec7736306e8f0f0fbd229a3766ea819e8e2f4f2ceb3aba0528f34c97de84716df538c964b2f7eb1bdf9a6d7dba93bb60b17ca131b65a300d3623cc843526ade92ce6c40c60403a26a95013a73f4a81d3a7890eb1518d1c2410a010875fafd000020004944415409812f7c411a937d260615ec2b1d214400c2e6da21114146bfc8b25b17a816d6a1d8232411356798055c1ad205b211947e74a9dc6d62c7ab6c84334d3ab21b9b1702cb64a06924b48dfe9622666ed80b3e68705771f18a1b0b454211cf1198ec57c9e2d1d41ba5215044d0c72dc10d8df682d2c56d17019786cf26b22686420cc88458ae0025accfcb5b41b36962a1fc09e03d358c14bc1424738b42ad7574902358681d41af170d8d9220b55821699582019684c2702d084f2ce91627a173bda2092f6c2e10a095e51ae55e50f6d2fd9a922c74f94b78ba4962f15d74ec3c39bd6da3a671fee098e3e8552538ae0055706a45434823012ba9f7dff2e18f259ab78f25f68e3b83e24e0bc3c3f799d9f6204a07b52c7ad1f6e07c78b0c2c307285611e843cfd977a6ddfcc637d8f3ce3bd7802dd705af1e4ef58f4b367affc03292a817645005687976ce668e1cb5fbf6efb7f2c2022de8c7c62738c585a034b2684f6f3f45a5f9066348447323c95e2618cd60227007ad373d0958c2d9025922ccac2e6287263a685e41a6092fcb57a0a16813a175050e1a02f911a0ee10c6adb0dbe0e177b9cf0d903f410b4b021dd0c56d3340313c6230a31464b06aa0861e147d26d0440c4e94bd8e26525c39abc5410381116b3f6cf9dabc17d5fbe34a192ea0a5794b30775b52dc4759ece51e7fd7dfc3408869b72f1b47088f214809e0f04310d79adca8c35849ca12083680f735ad157821d421c88241798b006d36adbc54a1aa21cade98b406dc707348e42d8703ec39f8f2ec1958635d27ea9bf1377b4d17a166cb837e35411ce95ac9a4ecc02d7ff0c73b1e4b50b6dfe6f105e8d0d03b2c651fd9041aa878dbbcb320a81ebb3f7bf827b78942da544c68d9f6ad935cb55cf5d22bd8bf70074a92b3fb76ba6f892432a406c000c685b8b24ca76906e8a1c376e0defdc4a2c2ff62cbe45606e6e0708143a2ee5e79a668798dbe12c46b37d54d643e3717f28128e17a25ca3fdf21466f2e70eb265a4a98610d70a88be46c17659ad055c25e4f88a000992b4025a2cde074c949e8df420f17014a5b76646856146edfe72b194d3cd1936bf20be362484e625842e130f4759405f19195f77d42c3c08241fdaa0624ce05a61abb0b6d39cb282cedc9c0a4e098fc5bb4cb158a4a25b08bcf51be536531ef2b791f0507cce5fa6d209ff3419c4a7df8e41c13a084f409b010e5ad80099b5f387cd6404f6b346daebcc043097867bd1eed6a51bd249fa3337af40d970d25b777933b1acaff541171b3e5204a0899043327a1c182829749db3b3ffca18fdef2a404a87ad1c1efb45aad739313d715e113cab8cbde3fb60cba89e54d54fde8509db31b5ffb1abbfeba6badbfb7c73288409a1921403703804822f217556e817a850085d3576966d6a6ef3f64f7efbf2f09d0addb77587e68985f2871b107259713650bc6fc04bdbbeb980b39cb1c5ad34ab11f5c6521181d6d8a759b9908d605d1a7ab774e208a7ee18bd9a0123d642591e9d49b0a82c69ff135497510c1499a1c30b9d857ba1d82c4b0814f56194b157daa2cc0471468a28a552a152acb2fa3e465708a66862ffdbeb70b6e7540f201617e6a5762a897ac203cb842051f8f8fa9adb2869e7fe0ad835fca89a843201362b4d8b0a223c250a8afd70a85024b5e4d8b3501df0c5041fa80cb658062b29ff05b370314253095f31b0d9b9e9fa726701a12a09c30ab578cf6426b9250f40b75fc2067abc40dcd6266de36c365296964d8932619d4a98b5d9d99ef7ee4431f39f778839383b9c7f34bea45076e6835edd3c9e4b23d7ff2f475d85e1b02e59133a8b2a8bc59845fc53ef0652f7d89bdfec6d7dad6893196b9a2e834929e81832a948a0686bfb22c2e66b03d90414b18101d3c6487ee3b40a8db96c949dbb17b8f0d148ab46300940fe00466d0d0a305ccae1502d12e4b427321edd858ae85133634879c99116a87f8a0119ae16da9becee54081dc4956262e7616831d96a4d0e105b713078e93136871a0de93fda4f79f946b5907df550714871d6e5da1f216e2d6abb654adf170020619103ff228b99ed073845c355d6eda2c1ca9e9e3bde403caa344ba03af29f88d926455ef990c52587d781fc98935583dc1aff432391506453147e091c640280c0f63e6c17fabcad0fb250494bbb31151e425ae1b42e1ffc96ac18008d514d417ea750628800a805272f8479170f14155c2fb94daf573a9951ba07937763a267bbac915f0c4c8c6c8ccbc863885d6ba8568aa4cc78db7fcde1f3e2ca5ec9162f0710728ee746860e00b2d6bbd52d75f5b81fb8402d4874464ec9bedd9bdcb6e7add0d76f1452f241a03200431fb22eb7a09e5e638d06c450f8afd1f400a0b33b33675f0fe2440c7b64cdaa9a7efb5c1e288e44bfafa29041613b7582e43fb079a45cb95252b974a363f37cfbf2154850f776868c846c646ad582cdad0e020fb262267a0fc47f35d9551b1930b3043c8af70221b82612c61419d5af5418ef69e6c21d8bfcae0894a02e0b112a4203c2ed92caec304c00687678006aeadd9726dd92aa09655d0a742fd2f0628e8cbf46f9a1cfbca453304d824f8e22154f9fd24e75a08955294c37ec46ba8e79545ac25dc6a819da82feb63629bb040445e52b9efc32d94e922361bcbdcd1d131beb73ce0dc8345c1e742d65ee2d2fac105b893496ebd41d50564d1958dba1d9d9db5793059f8dc149cdcd326c3a81627bb0838b6396d3308b175368dad24928796487e3c24ec93338a0cba39204a673afefe4ffef0969f7cbc89f0090568219fbfb0914e7d4d8a4f6d4f21d9ed3d9e1e34641fd31c14e5fbfbecc61baeb79fbaee5aebe9ee6426c1aa2571f6600fe7144a171cd61457252e7ad0a9c387edd0810364b01446476df7e9675a616c8bf5018b9b05aed685c1fc144570424ea4525ab0e94387edde3befb603f7e9f7abb51a3986fdb99c8d8e8fd929a79cc2afeddbb6d9f0f09076791016ebcdaa5c662f22463e191364586c66d1d88f8660198638249b532a54c8202087b05ee1fed701e350bba79a02217e28f5a0cf03beab28680031c0e96cb926e45030871eb88e088f4de157f51926a469d7058acf3609500461e8d87af0c61457032f4db4d9ab3ba635f8b65acdb89a5df4b7fef9690804948ffa6ec0ff30d4cbe773096758ad804ba050fa04e5bcfae4a099b10f65103704680010637ddd8ececc5ab9ba642dcfe228b9f1fe69d0a55602fc50d87460aa2f8e6fd0ce34a54640c6ea8dfb5b0c8b08ae105591bfd3b60bed4c77bee88f3ffce1af3d2501ca527770f0432db3f73c54b57c6cffa9bde9a3a573061b4f6a8856a5aca7abd37ee21557d91b6ebad10ac343de7fca7690272d97fb2e87c2ab4b846d0568d516e7e76dfae8113b72ff41ee41fb7279db7dc6993679ca0e96b89ddd59663d5afbf940039913eb9943f7eeb77b6fbfd30eee3f600ba5922d53c51c5603301e6a70da3b323a62dbb79f62679d7986eddcb19da77e3f001039410789e975d58580c7a9aff3afa4e4953033b263b8ae314b7870624014935889374345ddb5759139f0bc608bb8b6221c2e64519657080514191b967ea267b1bc7557306ae13283b671301320839bdafa8716b237b1df6c3f977506a94ce4149eeb94009c43951dbb4f5f39b8f5431c4e814862050084550a1cd43aa551b66cd942336795d31aa6093524dc2d0394943901ff2330f177c8a2602657ae2db3c45d59dbb014b2645717af211c6c78bc383874906816218eafc0092c815dbf0841c90cda2159d5248372da1b1914256ec7ef7df2237ff4dec71b9c4fa8078d072d168bb946bdbe202980cd3f0f0c4e0d18368741c7dc563024fed13046e58cfc3fd2f6bc0bceb39bdffc463b7def1eca970839aae18a7c5cdce4c749d25ce60345535db24aa964b35347ede89143363535458ce4ce3da7d98e53f7708adbc100958f0a4b4e64a24ad5a6efbfdfeefcdef7edc05df710640fe53f2899d710a498a6a214cba4295cbd657cdcce3bff1cdb7bda1eeba65202e42601becf0a784f7272afd4eeda2072a4043a2697d6063858002670fd1dad5c3414c3f739ada59ac01afb4be07899757c3f4ab5c2ba2090dc952ea36496c017ae42d2c79c032a31680d9168b9e886c7e45f329321681d5de35a3a44caa432c798da7a81aacfcfe70eed08a290bc01502181c185eca66f8f75adb8f2bf97b878ed18344d4e4eb28540ff1a72375c1d314063cd223491f89fbe0f65b98bb62126b8159b5d28bbd4a6c4d7d533eb40088175f9b46cda1546cb136ba6180cc50e15aba0f600257d4d256e23bdd11cfac4273e517d4a03140f3e3838f89694a53ef9f013db98003e52803ae6d3b367644630cfb79fb2d5def8869becd24b2eb64c5a785c8959b07bd1894da991f05e81e4c91a914401f59b3a7a844c16f42993db77d8eebd67586164cc3a9c6a860f822524c0e2a592dd7fcf3df6c3ef7cd7660e1f016789177a6d65cd166b355b84c3197a221c20ddddb665cbb85d7ad94576c1f9e771458009242e000449d8c7e3c206844f7e250e13ece05c3a91480981669200a89e27fd593c2fba5753004d2aeb001e28905c07d8fb596421fedca7bdf57579d3e0400bf94a79b2a02cd6ae943da82bcb87bc4880ce93e11640f00e20e741ea3227c967ee41a64ce761eb664cac8ae89e18342c2f833de3467919400b7cf6786e780f2726b6b0df97b035fa4cac8d5ceac40f199afdfa55a1fe34d62f700f072863c3664a8be481e2ca01515b8a089cf9130423f17549b08421b05ee3e6a088af3bc9a2f27095923ee8889afe27256e47c75b6ffde8c76e7d22c1794232683c81a1c1a1bf49a552d73df4133ade00d5812c779396e5f37df6ea6bafb6575f73b5e573fd0c5205a8c6ff61381bfa44e445024503335b581ecccdb2cc3d7ae4303561c726b6da19fbceb6e2f8b87542990f846d606d814e01c07e61c10edfbbdf7ef89ddb6cfee81431bead468b889b9972d9e6ab15623b9b2c7b32561c29d8952fbdc22eb9f422cbe573562816f8c12d2e94a9e58be9f24a15025febc9829f7619a16ec7320a15064a2e51c6f0152c15046910ce85b70542c65141ae2cc1d29e81a680956221864882ff09f5a59d28645ef037000c24bd87a12e072fee0cc6f54b921f5d2dc2f1a90ee39450b9238d920f3e645537a7ae3a46b5afda34f8d5bf432a05f723b7734820a88c8595217a50bca7f85d510c2573c2de926c1565fb58155125df1146ec41eb0d5b5a5db3d9d282956137488085541498b7495ac0702828620e7687605ba230af32d797b59283014d11c2718ed746d02b40b96af9cc9f7eec130fabd4773c41fb848644ed0f34921fd9d3c8347f404cf0837a4d9ffc91f7f9e03e54149fc8a0de57ca3d9281d8d599b14b2e7eb1bdee86d7daae9d3ba8ac10bab2e1bec5dfc6fd3b252b027465a96ae5d2bc4d1d396c470e1db2f9f9920d1547edac73ceb1b1c9add6ddd7cf411147f9288f205bb9b4647387a7ecaeeffdc04a53d39642b984257f6dd98ececfdbe1b9595b012ac8a5437bfb7bedcaabaeb4ab5efe322b8c146c7c62dc72b91c873458d7f774f6586d51a009ec2e7911865112cb21a90f68b7a8d711cc14d1c8c4f70c1c2a7d4559d269c5a0f5c3e6549865aaebe47235e4da4da1b4002543583fc0671301cac10b2f6af4b5ca4678221c1609f6e4eb065db4b1ea08e5d3d88d7288c2692e6edf8645f6df6982d410f7e75935747b98458904db34bdc2206e6c749415090e8b1890510b37c9fcae02c845423a11b5e66d11a01b755b5c5eb699f9922dadac4a73ca2d4cf03229bae6d0ca00a0a0354176e45436207be1d5e2000eba24647b38c8420ba3a92f03b49ee94a9f79eb1fdd7ad7f104e2c3ddf68405281e60a430f2ae66abf5fb5116c5832af61c55f270c1ebd3409643a09c79f664099b36dbbd6ba7ddf4bad7d9c517bd486c87945821bc104247862d85b33942f264b9668b0b2505e8fd876c667ac67a730376c6be7db675fb76cb0e0c304091d1d0ff52ec7a6ddd961616ede8fe8356999bb7d5ea12010fe54ad98ecccddb81a9a356c54a84a2ca226abff0e217daabaebddab6ef38c5b64c6eb1c1a10196a9a8027a7bfaacb1b661a5a353b63037c360c7f183931cadbb7a410c73e4b54ac2334e639ffa8ac5a22014b2473d173b713a9e8535bc2397bc9f0d7952a08ba8c7e48a8070ace3c4178aface0009476bac76c8624150a12ff4a9330e020e98d00b534f17591cd368f5af0852001448cce63008b03d3154d0936380840095ad835a9d70129118970e2704282a0d1c1a286d01568001130e256ae0ae621826a9cd046491343d98cafaa49b54b406cbdb52a56233a505ae5c10700a50011400f440a5112e070852183f61b817ea8e1274730736c727634884c084723e03949b001eb6effeb34fdcfa072722384f68891b4fa858287eaed5b2ab1ffa096e02ea377fbeb9575350c6a048bb31ae535a2d2b1406ed86d7bed6aefec9575a7f5f96ab96287343fc5a3886584b483c8bd3dcc5b2cd4e4dd9d4e1233675640a7eec76ea697b6dc79e532d373c4c1e28a863e865b1624941c3666d83c1599d5fb0c599393b7cdf7d363d3d6d07a7a7ecc0f49455d6576d2db1ec6bdaded34fb36baebbd6f69dbbcfb64c8e5bb158904a7d2a657db024046178be64a5d9295b5d59b28e8e1eebcf0d5b57772fb579c1d7ac5617492cc701d5ed4ecf9b72e1ed67698020da3464eb3ed0a1cf8a930902c000276ad7ca85681a696a0039b88c26a543022e49f53bdc872be741c59e13e2354eb1e917ebfd2a4b4c727391e1351390ee1014223aacbf376b8303791b04d7b65bc649085439ced599150399250da30c7f062006c8dbd831e7f3798997d1d057560f304cc2f087d9dd6961a849e23009960b9edff2dabacdce976cae5c261940d58a1b7e756464d4bcb2227005f0d566521d84ee941b60714f9af88b2a1ba05fe510d00394f8ed4ce7e73ff5a79fbae64405e74909d0f1c1f11d1be9fa9d66163481b6e7fbc8018a1b0a4914f62e2a93004ce8cdf6d8cb5e7aa55dff53d7d9e4c4b89cb7bcc94726c5894bc0b97b82e28446f902d2f64ab562f333d3367b74ca668e4ef142e3a0e8cc336c6874d47afa23403352af03a4afd1229f1499b43c3d6387eebe878c98fd470edbdd470f7350b4d66a12e389ac305c18b2ab5e71955d72d925b66dfb561b1d1be573426f930394d08ce0fd4a799e01dad3dd6fc5f16d96cd0d11f5549e9fb5f9d9195b989d254082558413bd632dc3ebd17d52824113d99553572f0fe95f027a9af34e7168d1aba5b69468035337d8992d2c9d510693c09d62b0224b2228a15fc4c0e47ac6253a514af236a27741a11e903bfc41890bdc74b6abcbfab33d9607f01dab26ac2498757021a71336120296922f04077470228d8c065ee848b1c86c065413b2279e0f905490644136449697a610942e3005dedc9162fd8280acadae3bc4afc2a94552e2baab9e183f2b09aa88ec225f9fa8c485248b3c7562ba4b003d8da2e0748720a57ed5466747cf69b7de7a2b882427eccf092d71e359150a859bad95fad3073fcbc710a01e9cf1c4dc3c8e17fa697b76db0dafb9de2ebcf0f9ec4b35a4709f16bcfd4caacaba1cb8d0c67ec9d087621fba303d63d3478e5a7971d18ae35b6cefd9fb6c6462d2bafb200ce6f84c7751cbb452565f5da70eedd27cc98eeedf6ff7dd7d8fdd73e0a0fdf0c07e9b2a976c0d8780d3ebf0fcce38f374bbf04517dabeb3cfb2bda7ef255801bd0a2ce211a0382c9697ca7c4ebd7d03569cd86e5d7d0394055d2acddbc2fc9c95e7e6783bbc165c9cf033c1090f98e25215c0f85596f112844636c2404cba441cf6f86416414af23615f1c42125b081535f5fcd78694dca1632281be334913608400442a50a05c00d3142f0581c21e8e75474476673881d01f108d04c87f5f7f4583e9bb53eec09dd5601c0f8defe2c5f57606b63702457b46edfedd62dd7df674383435c61e075c0e11c5a4a34eb652647068674a6480ec89e2ad395f9f99accacbabc62b3a512c9da746f739ddb00b17368b6bce24e7b1d52c0a01a040e11b05e3a2c9f1f20f82454ff827a86b60883222943f6fc873ffff3bffcb31316997e4727254071df8542e1166ba57eeed827fce8014ab07c00d4db7a4b644b00a75ff913afb0eb5e7d8d0d0de65d8da05d0a45322228b3d07711bb0a45bfda922d43597d76d6a60e1db6d9b9398214f69e7db66d3965bb75f542291e625d50e1eb485cd452c848808a2d2f5be9c851db7ffb9d76d73df7d8f7eebcc3ee3e74d06ab8d07148900b9982b09a4d4c4ed879e79f67975f7e994d6c9de007882107ca679a342d576c75b566bdbd7966d0ce6c8ed8e15a6591d3e3c552898f0711b1d1b171acb098fde66667ad04d503087f2d2eda4a758999369414828dca61128352d228b8b0d9df92a3da4e30d04497d8dc35607fe120de619dd91eae121080505a282d54b8dcaf37cdd6eaaa18a8c4403e2630bd0852d9fd51e7075cd974da06b2bd36800b975e35d22aeaeccc586f9f328eb8e8029b48384c26d004dba753363830c0411b7e86121c652d5521e0f8eefd253a76a1b5749b0493eb482394eae83fe716cab6ea2263f44d71b2391e0fef155a0ceed333daf1cab222cd80c7f7060606ad3fd77f0cfd30607e5cb364b31ffd9f7ffdb7ef38d1c179524adcf62759182a7ec352f6bcf6ef3d18ac702ca99be56d94ba1a840b2d443e61da2e38ff7cbbf186d7dae9a7efe1ff876a814c94d4f36150c100755b7b305b201a8c9e72faf0619b9e99b64c57b79d76d69976caaedd9ce4025104153f82b9c97e973d5c9a0afd75ab95cb76e89efd76ef1d77d9f76fbfddbe7bc7ed36b5306febd8cf0104de91b1a12150d814a4975f71b99d73ee3996edefe58506276a3252569729b70990fe5061d4329d3dba48604bcf202d93ad92cbe50db861f4c728f9401383b62d6e838c5e3a3acd604610021401c08432a500f49b503f58143a5aa64b5861bcad58e1e03670ae5b5ec674336dbdb97eebe9eb6526c694b7bc58b1f9d2a2adae2300215b89ace9e0005f71ac63dde3e5b1b89329eb4a02b4d7ba189ca296757565aca717129b18f2a98467d68533370da5b0006891133a3434480360fc1c13d91ab47dab78ae2b2e4e8df75de2d3083aee3e5dac5a6261b027c4feb3441505647edc86347267db001184611b4a5cb9dab529f36150d6683240f1f9f5e5d0066d3a0804ccafabbbfb9b9ffbc23f3dff6404e7490fd062b17881b5eceb289cdab5878e0dd2070468f4a041b5898075c2f6b6ad9376fdf53f65975d7a09618008440e965cd212c3235c2452589735fcfaeab22d2f2e5a056c86e9699b999ae245b563f76edbb1672fa7ba5d98e40255e46819dabea317f5771e656805c3a2fd07eceebbeeb66f7ff7bbf6837beeb4f2f292d55b0ddaef21db2140730339bbe8e28bec4517bdc8b27d1028cb739a49eb0600dceb7512c6c145853912b211789d60dfe00bbbcba1a1a20d8f8c59aab38b171bcab06a65919540ad54b2c5e919ab961678e28f6e19b7fec101ab42621462d5f8bb5261a65d5aac32c031d4c03aa83bdbcd0301135da8cec30a022a7ed0631a2e16d86ba18cc4f7e64b6566d0552ae8a56c15960ba07731007c5a0ab8215a0ad227a1558412376383bdcaa09d119c040248d47a93dea5fe933d9f0f9170e482ac3d3c04bb8d1ebe3e8034969605fc4726e5f4d8ad1ab1dad07a45ea092a7515a0d5e5659b9e9ba7201a7aebc4100f41eae07e9205e8e9a31e3a96802c2d39544a731f3b3098e34118161f0ad0ae4667367be1e73fffc56f3d2303144f7aa430f2961fa92f7c7273fbd9c639e4ab7a88008d77aa0d67ab7578939a3557bdec2abbfa55afb4b1d111c96590e11f4315fc5bf42c8939d76d03da3cc84ef325b25b308cc1073d3a31613bf79e6e03c511aa2a28403b2541e28a0089693de070e8c966e7ede8a1c376d75d77d9b7be7b9bdd71ef5d5606c73093b2fc40ce7a737d36383468975f7985bde0452f20983adbdfc73217d98182d10cd001cb0f0d12488fd31b99159e9f9ce2a63256288e5affc0b035d31d0c605ea4702c432f0a95c2993906334aace29631ebc8f6580d26494b155baa78a65d28dbe2fc0233322efaa102a08d1d0ac02a9cb7abf46b4156c281511c1de1bb0cf53f003ae6e61718a4287157375ab6ba8e558b0254594a78582803f2738c004589dad76b8338f49c2f0b8415d9231d627d729d4450b984ae19a054feeb20b46f6020cf9ff3f062a65fa6440b323b77bf1ea05a076185e32ee1c9e151b772a54289134c9ab98175f369725e438928510ef415900bbe45b4f2ba4aa76c6878d0468a85c49385ab9aceaeb7fed33f7fe509a3851e29b84f5a0fdafea0c5e1e26fa752a90fe87bee7c1caa766d38dc24a527e46f4d75e5a728576afc7dde39e7dab5d75e63e79d7b3691455acf84d68f788712d9120b04018a492e4ac3f2dcbc956667a9113b5828d8aebda75b6162c2b27d796ae006de1401ca2ceaca7674f3c6900478dcc50a7bc23beebcc3bef59d6fdb1d77dd618bd50a6df7b27dbd36323662575ef5527bde0b9fcffe34839543ae9f171f7a3e042888e20380b03183025880fe1443a41ab3d87061d4bafbf2d64a690082320f0a0a9011adcecd59657a96bdeac0e0900d8e14ac9949dbf22a26b5b2bc07828a07d2ec1c8da48a85a215464798ed502e221b43cc1a9e2d087e294c0c73df88615465b16a73730b363bb7603550dcc0f0594589ab00651feaab19fc9bfc552aa8a7ad3b95b201ac58b04fc4de31617d08ffaade53a6c0787f600741d35f0c91b2592b14864831c3e78a6a83d9b35ab32528e503fde4608a400fa16c458fcc350bb267b3c9f7b9043d64d84fba9eb1a6159b9623c1da41c04a0b0a92314135d6a05101d2e2e13b3636c27d390119998edff997af7efd83272b73c6fd3e29018a071b2d8efe4dcb5ad7c53b10aa030f7c81da833aaac8c1d40c524c1661db662ddbb66d2b572e2fbdf22536b1658b347102034a85c1809961ba09b98f555b83b23c32cadc9ccd0374b0b8c08b72e769a7d9c8c456cbe6f2caa069ec4335d848ac00123ddb86b5302d05926579992264f7de730f0375ff7dfb6d6e6e86e5e35061d82ebde232bbf0a20b2dd59931eb48d9c0d0204ba5b071efcbe56c60b840176d043f323d749430b0801eefd0709103a4a6651206c70a346e3df0ca33b32cdf474646ac7f204f598fda0a');
SELECT pg_catalog.lowrite(0, '\x4adc0acb65645194c058dbc0fa6e6c6c8cdea6e8216bb082a894adbab8480b460c9af21450cb733052aba2f42ddbf4cc9ccdcc2d7097b8566fd9ea1aca48948490eb74f0ba334ce8218bac984a59b663b3c4cd52f950246694b781cbd47048246f6650aa2876da403ecf5e1ec402040e70b750c347ffb9b402cb0a4ca79ddb42b086b48aa5e2872055a0691dcc3c0000200049444154426b09f22600d4838ccf859d431405ba7748a3ab2b22a031c4db5408099eb12ab36c6f8f8d8e165989a4d399cffcefaf7deb8440f91e2dc09fb40005eb25dbd3f315c8a444a51f22630954cc254ba4d0a71e20b22a02132b0328064096f1dc73f6d975af7eb59dbdefac4db1e498fab271d4d008664a30f2056001f66f80db5127b75422d364fba9bb6d7472d27af303040d400f9736f6413162eac6a9efc2d1b099c03e10fdd8ea9a5516ca363b3d6d478e1cb68307eeb3c3470eb10cdb73e66976fe0b2eb06caed7ba7bbbd927c2f3850bf7f5354e1f11a0808b111384c923fc545630f2efb281a1a27565fb0dfe68da6f8a52b65445e0956c71bec4c6be385ae47dacacaf1baceed17f624a8cf2b7ba50b2f27c8953710432fa4c580e621f8a6930b2e752257ade6196b9d837a2c4853dc6e123476d7a16142dac525ab6de8046914a49798a4a6142e4f2cd00cd75775b01b4bbce4eae58a8d343ad1e575d90dc8f637111a09d1c1241c9af501826558f6b0e3869afae739a8cf236d407f9d87cdcc8e4508e77c3de160256eb1578b0a0b40503a59de28f4c4ac3289788c1e142f8e0ca32df67956b52890c101c0e8f91910226bab7657afa2efdea57bffa84582a8f16984f7a06c503eedebdfb2cb3e697ad65c3ed984cef44131b38797f4a0d8ec1ea4c09969968dc53c6d3eca52f79895d7cd145e0a412b982f22a0646a277cafd0c86a951e64a271742d6f39c006eddb9c3c6b66ee5a008943078b164d2b21f48be9c7142a81d268140ed7890c27f74051a3fd0e05d2cdbd4d4113b72f408763d56182d586faed7068b43b67dd72ee2747121d1f7a4d5243715535e81c6a10401a2f52ad9fefdf961ebcef67337898b29a437e9b3529ae74a06eb8ce1e2302f7e6400607fe1c5b2b10eaa1d40112596c4e8a9412607e30207006e07d41282b30a2b84b50d2b0c17582ee37e30d99d9f5fb08307efe79005c1596fa4ac4ecd5fed4065bae4aed88ea1450f0904d4705fbf0de7faad1bd3529fd2a63b21a4853e55032581e6f1ff62922000f2b91cfb3cec8fa3bc05b46f696939f13495b0b60e0801e55dae25e137a5b90a4206c5708899dec9e5ba8e302c72f919a7fba9c4c5200eefdd86646d224298235a7c7e23a3c5d2f050feb2affefb6ddf7fac01f6446ff7a465d078a2bb77ef7e79ca9a5f0c4e52fb1308e90982c95da99dc1ebfc4142fa80f94c63b2d66d67ef3bd35ef6922b09a0cf421788960158c900cd47e09ff8a364b7acd13cb532bf607333d3549ac70dc726276d1c010af9cd6c3f3d5880910d9a1183d475778923a5783448e1caa2f8227a891ccc1566a752699ec397da6a8d1e327d0339db75da1edbba7d1b3f7968d222f7d003260b716ca061641381692d5e666ea0603d7d7906a83c5954b6230041a1ab941778200d0c0d703f47085c6d89e53cca7a64d2ca6299b7c3fb82c10b2e4ef4b808507c7148545a6000e473792b1447f858549a9f9bb303f71fb285c5aad59b084a3955a34c246384d22a012fc4d04708a281de3e1becebb71e94b65028a00f6787a5c00e41ff493915adcda4c2a0492ea09620e4234b01bb2b09d20dee3d634004df18a9173aef9326bd1a39c5d0084108ce2e80f1eb8024e23af234181a4f0a50910170502253e27eb16fd64a4a83472ef9bcbcc32132522cbee2f6fdfbfff18906ddf1fcfe931ea07872679eb9f74dad56f3537a1b84270db16759237873eed933b1739306b21cb4d269db3a39612fb9e272bbe0dc732d871138d1352d8ef33180001917026394eb04c91799a35cb6925b41e0741d2c166d7472c27203c33ec9ed4d8c6f8278ac4b4a6af138ba5b75cfee0850a74709032c457b4e5b6b55f67a5865e022192a166c7c728b7566bb79c15057b5a79bc0003cdf40fb2070f0b2078747ad373fa8feca4d76f1838df515ae4f107c4808183ee1824266045306cf019c50f4c8b81dd049c0c616870b441ba1e7249b05652324614a0b56a92c71798f7510a43ee071323b3b6747a7676d7915431928b4cb80280ca4c07c61ef8c49bb9965bbba2ddfd767f9de3e0e864864683569d8db81de130726066ea40aaac4a5e4a64ba4a0071d1d1db1d191a2fa4fd37aa5b6b4cc8932827499a00b0528a55be0f4c672570edab87f7c1c0b5857adad6900974c1ec38422a95e994943a81b2b39f4ba98fc93e3ea9933f62ee974eacd0bb5da9f1f4f709d88db3e25018a27febcf3f7bd2b954eff3ebbc5085092ae3d4035b6957f4958be050f11fd610b4ae4193bffbc73ed8acb2eb3c92d5b5cb100d3416025711ba20c5866e1df1b703b5bac70b2393f37c70fbb379fb3e2d8b80d0c17ada737675d3dbd22eed26c37a0ea3edaa3b1131333dc9195497d87463cb0c3e888605a01287d99f03af475e8733ab04ac01e10baaf0339ee2e3b7ba17d9322ab02d35380d9911173834566756263f918a28d313b8288be58e6ffa31cc42181e0c46385ea3e00e70850a849e07d1c1f1d65164650424c0c13dc85850596d4754c6637ea72d8f6bd6b79b12a516bf49eb49cd78e914268c86e0e7807a8a3afa7c786b0d7edebb5ce74c6f1d01b49f9ca0c0af0083e5217e80ee049acc7d07f82fb8912174323bc5e5405103cc30102aa1ffa6c80f81158cae20d39b439b405418a127db65ce6a419647ac21723e09225a7d43d8285836f63578c430e9f93a46fc492522bda7c776565e58431548e27709fb200c593bcf4e2e7ff522b95fa7556f9ae28a7898c5e82582ac7f247136355b79887dcc8c52f7eb19db36f1f75749945a37ce27d413a056896161dcf56976a1c9c604d82c0c1e064a8386283c32314b0c624972250897d9cd3e4307207b208f942820e247163b823b539fdcd0ac009e3c0d4825f8a520de8a1150c81005468356c6078d04627c67940a03743e685b40aa6bcd88302dd8400252ed6e966a1f0076414863cc8ba58c95011706d15cdaa68691844adacb0cf3e72fffd5c378d1647f89e427a1320040aa02d2e92a80eff53ac7180b9c51a03a5240212173c87424010398b05252e8637789d3d9d5d368069747fbff542f09b6af91a66e13694387173218aa741332d216eab555139d9e46028d413b08ec2ef8be553e5570d1ac02c695d9ec5b39f7f142c73f15c17410dac54a4c0c700d58e167fb1b4f5cd003526dabe47023b7ad66384cc181ebfbc50adfef7e309aa1379dba73440f1425e76e545bf6ae9d4afa8157f943f1ec49b5040a355dfa93b76daa5975c623bb76f7703d9b0c1134c1001dac1218c3c5b7061cecdcef102008f2f3f3064f921192ac9a345045cd99d4bb7558e6428af335a0321b3334883302db9cb986642fe13dc52e06525380d7b0620626a56ad5579df18f00c168659eaa20762894ab076c63ab3bd96cdf5b3e7c3e4156003ca93408f88e56c8dfb5494ffc4de6eacfb6121c233b2f7fcac942470250e0c4078cb9825d07b2e96177918f4f4f45a777796e522582bb046a8b872215220d7160dac3bc47e41a0a104edefefb5c1fc204b5abcbf621139281fc2db5853519f07e0fb10810e7556714165d1a8fc0720000214ea09d89be235719a5c2e73270bca1bd04b0a200faed86bf2bc4c13403fbf50b62a26e19023e9e94a6c1471d6d3fdccc9f21a2622aba30fc6aeb9c9d7282a5c025af8b552a5f25f1eedb23c993f7fca03142feeeaabaffc0d33fb4fc7f34213cc6ecbacafb7cf9e7fc10576c1b9e7b93e6db83b03aad7b24e06a894c901d9439f575e28536d1d1f504fb68f41dadb871237cbe18dca5c892e4b2e04521cb235a036acb36e540eb9ed9f93aa11c8e8910176c01419935ee282c1ab043f95fde912ef13c00652aa7e74546359ce7e1b2b875cbff50e00a89062d683262f26c5186434e0ca8d448e3504d72635918e53c6e051202e5372a5bc506220600884a0c121803217ef012ed62c0e82de7eb619e8f5200d02e579ad32b07b969c257e17c39bbefe3ea2b9d0f37777757168064201e86b142d732235021301ca891d4b5b5ff987788613ed058e4fb3ff1cdf3246d6080f9d8d75667aac7b80435e0540c1b593b4e271d00126b1be0fadd6c05c5960a6a5da41b65bd913070d38b1ab708073408b83e683c02d00c3a62547bdd9fccdfb0e1efccfc7734d9e8cdb3e2d02142fec35aff9c9dfb0d4630b523e696274550e438c6bac3862e7eedb677b4edd2df608cb5a568f9c246225c15d2aad10565832e10b1714b464fafaf2f40dc5aa8576f774396b0b5096b29b8e5df2228de7e0960b9420d1ed00b6477fc64118f6756edd20adda2a0d857940349b4418a1b763498f92afb3c3faf2fd961f1ee2f413bf8372b5525eb4d565908b353105e07db1b268f3a57942170132c7a21fd034047215e0f25a8dbd7aae3fc7c10bfa5ca8cca37ac0c183c309407b1427e572c566f1381ea0d8c782024673ddde2ccb50487c9086cb8115cac2350f4e77f9c6d0089507d62a784d9422511f9858e47287a13d24065a802b4e4c8c73570b023401f218dab0d7ae5aa55af53e5e2af8ea1d6543c112b7699440995b58e43a067d3b1cbb41ba16620970c906074ef8c4e8841eaafd2e48ad81a50c9cd2e9f46ffee0ce3b9ff2e064fb7c32a2fef1dee71bde78fdaffe8872cd72f7910b5e07b13ba0814c898e4edb363169e79d7b9e8d8f8df222a23e0e98e3809f7549459cf6848dbaf686e86be833dab2eeae1ecbe70759e6a2bc556f26c7b2c8a02867c3522fe441f5262a5ae3769aec862d822083b809b20c582b18de6058059e2a38a77287d3c89fab8b4ccaba7b7b88e1050a06a52398271ce840b68359bda19d2640074b4bec41e90e862971abc5e057665d634023b050c66152898ca45e3725d1ab6c2f33288201c64ab04c808c473e07ca575e22dc9c8aab7cc60497caf5f48611f83f4a7bbcf1340f028ed679b90ad2b600f51336749480ce61ff398c7d7637af4a628ffd90c1df4014613094e8f74616454fdc42ef59a572027a682ac2bbf62d0e2b9806e33920832602e25a20f03d897db79fb9bf76ffe1c34f6959db1e3f4fab00c513bbf9e61b7f29956afdfaa31d1d4916759501f42d7d3d59dbbdeb54db7dea2e7247814e41402240e0d88d65b30e7fb931d35713da451b75f696c824bd59d08a30240a6b00645197c60ccfcb845ab9897472b891865d28b930e1751b429cd6787e245803b142a5863211410039b044844c89bb85d300960a0372ca0a594a6ae772088415c37ad2337145831233c4a8d183927bba420502041535817c328a60e7b41215868304f0deaf53a2d3189c3978d67467f9da8505562f8de0c46180f5119925ec37b57e11f020cdacdf8420174b52ad621267901090721950cc080607076c7c7c8c00797242114ceb62d4203801e6275696935bb41b3abef15683cb04c03e70b7983cd7f95852f397a6eda62b9d023072a5c220fc73b85a69b67ef9f0f4f45336107aa8c4f6b40b503cc9b7bdeda677a552c615cc23fef14f092f42a4e0341cc06def9e3db6756242ec095aaf77b2fc23e710cd1bfb3dc93782748c8b1b65694f37d8fe7d548c0ff76c2a8e87e8360354fd2777a26dc4726650ef615879135de39a413414922335556f361ab65683bc67d96a8b8bb499c0450f3b0764235ef0d4c36973df726b0296d09c3ee2d214d01c039508d010a3a672bc7b864a0e453ab8743d73900144ae113860dc50f51e04018a854b4604322632ffc521168109c3e06512c1b90b45490bc94afa9cc4a43645dd60ac4422bb26072e39979adaa3bcc5e3e1331b1b1be54e17ef11aa095538a802a4a2401b45f4bb48970ee81506b7c50152b95225ce18e52d8534697a24b68caa1cef81dbfeed85b61cd55af6eefd070f3e25ab9447bac69f96018a27fcf6b7dffc26b3d4a7da9f7c3ba734292db98ad17e9203a18e0e021876c16230975309d7dd43ee2897e61eb4a47851655dced5c82e10aaca02ee8795014b5cb737f712951a4131b277c899da2baf97128f523717e64a0d17e2e642bf139e9438e1a14e001bc1e565eaf7620084c92cb31b6edf36b490c8b2f68ff899206bb2a187c60fb2149515121b78c99ac8385762d10a50b790f72925d140e0d3ba012ff6a489493057431288a6523dd8346babde1660d882d5125123ee4592263305af17598c160caeecc0b2dd67f4c8e45cb7b83f0d0e4dc0108b23450e9f2820de121b05199a16160c5037e7459b01757b52cc5ad2bdc53c019502ae00fcbe53d0f03e6952ac03f581d74f5c43a98cbdf9eebbf73fe9208447cb3f7a7e4fe33fef7ce7db5e9e4aa5fe478bd8dd073f55d0ca58b408caca7216e56b7f6faf6d9b98b06d935b6d0020f8ae4e5a19e20bff46e0c5d414179e6846b2c6ebeeec4e3c20c10dd507ec02cb9ea5f14ca4f71374249dc54916f566466787e368a16287729bd68a6902d8313cc27a0274306451f4a70c50660a10a231781191187f420b5717b8e072f218d1fe513db0cae0d0d0d5eb922b074b637cc1ef05ef152c06e1b7ea9aba526d477fa9a09455214a67fd9b5abaf8ddd8263ae9199338dc17ffc3f008c1d994c83495f1dd458d9f93acc4457c30f8806629af3944e3a91e663a94df582dad401c0c5f98bebafca7b0b79acca28801a48f7b5b3c2680f2ce5ac15b2f8365cd1d0878d9fc98e22d2da532a99bf63fc9f0bde309b9a77580e285fcfccfffc7b3d2e9f45f98d9830d50f939b9bb19af40ed248951edcfd9ae1d3b4947c3ea01c1893217c312d99e83d1202b015c8cb8885486a20c065450c46d9ce83cc99c1baa52d0f5672363c630c41151ea43e564c67e94f42607da63cf192b1ae7476155812005e3069ab0215a8d41499488128b1640007f285be93a3a2ca97d891cb74300d36e10bb5227c5238bf035b36208476eedfd3011e6b23e322655f450deaeb1c75b45898bdfe332d80d8c097a46d6c2f0c6c5b311a0f44cd9b4500c7b0839800ba583c7c34189be1304774c887178725886c7430fed2a7e00f3075a2888d90026002d042b0e208c1098eb2183eaea7ddcc5121c1f3e3edeb8ea20b92d954ebdf1e0c1834f1af0fd7802336efbb40f503cd10f7ef06db995f5ce3f4b5bdaad25bc84f465683277a0af8b0215415a1c1eb69ddb77489dbc374b403d320ea7b30e4088de4c1ab628075d93c805c4f83dcfa2c9c0a12d9b6f52e694bd8525c645a8a4aa5ed52deedd6785273a5dd8e425834c8a7d6913503d82ef8533e54ed127a432358254b6225162d510eef6e928e306fe32c892f263a1aa0402d4b9ad64a070e503df9775da47201fd14f947a4990b3042f526263e448bad16fe80ea1b793466c462c11004040c5f3215778be204825822db60ade473c86cca094e1b152c18008200a48c290cc4d189fbc68a0de87d21dbb58ceb4f09860d380275a0763659598db0dfc0ede13100b88166213ef6a1d4e100f0aa30cb73e535be9b9796eee8e278532f67802f31915a0f164dff3fe77fc76aad5fa00cb154f525e7d265b19f58898a22053b56c7c64d4ce3ce30c1b1f1b93729c0b4293a3e2c1146c7a5c4d2873f10799123d695707025adf8b0a89f688cc4a9bdf5470c63e74b3070d5ca77a2e7154c39e028142a8600428fe1f018aff777f16d2db7c3524ab3c3d2e1523d08fba4200b2340e17f6a3c0d5badd037e27fc501a00f7a37ca642fcaaad832bebc6b9b43ea4c29fb46789dcc121400f1ab050d080673c63a21f064040a64bc8c69842b31a01b5cf2179ac3c5cc212ffe6000b432a4c953159efcd5a7e20effbd52e95e87e9f54405c03f05fbd23f0c00852000be0ef89e0849cc92a0e39d7d3085caecb9dcb76318cf3127e67f3770e1e3c70d295109e4850b6ffee332283b63fe1f7beefe7ded2b2d6c7a10dc65ce263f4c0f0066701e078ac2f30b53d75e72e3b7def5e4a3962eac912d7294524ef7a998bcf10eb16dc17b21176a31830214013e0745b3f436b8638105c61404ed15aa46bb7a0e92e872a010ba4af2732e086d3d7c05955f0e06f10c269e20bf57406a82c01d13bb2e7765f160e931c340ea90f09426bcf9b80eb0151746041e8e7eaf5aab70c6d210c84145c3e18c27324fb449e277c99cc98ca609cd0fa504a1e316a150847e4904bc07a6ac9fa21c22ac0bd60b05745bb0150491fc4ccba25b91958583c1fcc0784184a71a28cdf85b72786418bb5152b2fd524a68d42d6399f042ef8eff0f27062794aea723f73f8fefb4eaa86d0890acc6764068d27fdde0ffcec05d648ff3148310f9c1d3164bccc25367475d5868786edecb3ceb2c989096651486062211ee2cf9cd750174883167eb029a89d6b022c8f8e005c0b8480c795412dd62eeaab34b1f54cca27e6ee5f21b111c31818d5d2317b838708be58e222388373baee018a40f1f216412b4eac97c8e86b5d6d0101ca81149f07c8d46e9ae43d2b0e07d9196acda2aa415295c86a2c3fdd844922d6296b024ee8cc2b82d461ff9704a770b1d2a255c9da3e111716f758a824ddc039dc823b984c74f179402bb70b943404a84f98119034e6551ae67b090005cad9daea060314d913122cd8bc70f8e4f2277c277c05263a8a7dd39aad9f3d7af4c04953df3bd181f98c0ed078f2bff0fe77dcd23273716c05960246e467088601ea06cce8ee9dbb6cfbf6edcca210a4ea83e25ce06d63e8e3fbc2c06402b0806ccb9297663b00ca7b5fe98f454606ebcc98a022784266d0a17e3cc51538b800913959a2d2816c5d03229af36e485427c1b72a70c31c09af8925331933a2ba31b0bdb78c5e9720040764c8e753e53527bbec5dbd0ca5f1914b68e2f978992e6326615c11b42c65dd24094c1cb88b336b72daac0015105d7d67704690d1635d24076cad8f44d0964f2ad4fc40354380e275c9bc3840f182f249cb16fb5e680dad597969d956701b60857dd78c0321b84f2189e25cb18f4e1d3e785244a54f56503ea34bdc07be29ef79df3b6f4ea55a1f376b3192102c1c007108b361b56a9517f5e8c82839a3135b26b877cbf5f651db280c736295adb500448cdd7dcc1b4f94b9142e06f4cfb31403378648895b36329783c3133ea99e75b06218a42e0b4afe267c509697a971849e94ea8128f1c86091d57d787cfae449ab184c9ffd6ff6aac8e0b471708dd7288503cd136b189a2ba9b7a574885bc9b31f75b5bec4d5cc1dd5a4ffe359932ba658e72850913d75b0497e5318120dc7a26c954728d82369a2a428c5d9d5c95d2e5a0f94f2310fd05d85330f9b0eb25516a108b1ba6e1b3c442415c74380ea08beec22afb8b5516f367f66e6f0c1136ec7f06404e68f45064d4adef7fedc8e1f49c9fe41cbec6a44072e00ee2a3736288c858b17a0057017b76edd6a5b27266d686090dfa32fa88a5acf72eaf1040e70bb775f78e3b658c1304b782f4a57acb6d50bae1669f5787fda5e83bbf858681b71428b0025d0604d2b16020cb076912a025db5dbd62bdae50150a0accb810fe96c4022693a4b2c70db2a888082186249a22cc9e604277880129a872c86ac980496cb6b3250ddc3c57bc528aff1fb098fd287587a0f0448e081145c4c9a1e47800a7e89ec19104c1d5ed21d52b0cbfa0f2822a08a20fb893e18a52d6d2850b9b8be9cca7076fd9fafa753ef9abaefbe136a64f46406e68f55802681fafeb7bfcb2cf5bba9540af44f96806080e0c285190f642f478a23b66deb361b2d1619a4b01740306ada2ae0b45630ca84e11b9994b99e413da6b59ae1c029e8f7de33111ee881af7071b86eac6274e1c6da01338c98e622e8c41411458dd35ad7921566b4e90a00cb04e083df892ff04d9179c54b55c9cfe0f445294be268cea81dac61940232863ea1d02e2733e25d59e20ad080c384136996f4de33fa7b250083abe5f1a54bcd3dc00a610cfcc00085213349ef0e685066d721470587568b2e6b181ca5011e215e37e3432a95d874d3ded8a8b75acdf7ed3f78e86907d97bbcc1fd8c9be23eda0b7df707debea7c332bfdd6ab4aec307bd505a6080e6f3fd0cd07c7f9e8af45062280c0e338bc2cc87c639cc3ce27c4a104bde1c441e79c0d3fba50302cc9a9e0480016f2400000826086001e8c0df490422143001a60fed259efa9413f58b9bf6f5020d04ec2e76a12adf75f00071146c925ab562d56a85018ad74c5cae734b99e95dd49b01c9c18b1e8bfd289fb39ccd689b80019267c4a802624adb1ea03114a35b1a1f23feb8ce0faf2c1d5244ffb80202f32248dfd0c1c55e9ad04bf775f580a7d5210e290a546b3d83d58f0e4c39926b42ace111ee7ba3d1f84c7dbdfec17b0f1d3a21ced68f769d3d593fffb10bd0249bbeef9d6fb166f3e3f37373194c290706f3441361403490cb4bff66b840e231cc7130a8606006e39efb33ef97d01f812eb681b54d86935df659c7e8f68a708d8c480e254c7d1c8e16c2540cceb8983d20438f4959c9d72b3170c1e415652bc8caee5046ad4266d0150ec0c02aa19e2e70bcab2b7cf9085430758882426f5607111ce46bf58bc963f9904903a0cd2f99f94606d4708981e8f8db5057c47bc0f2186403422e7d6a2d3d4505adcb8a48505adf05919b53dc4e389a7510fa4e33a775e07dd7e98a0d8915644564f7c032eb290976d9268bda48a5523f73dfe1a967d4fae4b106f88f6d80e20d0002696aaaf6ab1bebebefa1d74726cddd1bb0ba98e6160b05a28d10a0f0e1c45a85f21760940403c5edd255b101c8201452a08a364b5b41d468e307341249d842b3f0b2f4923032e866bef19290a63f9aec4a884c9908591901c8619103109015e94c8645fdcab2f6a475c0f4d4871285c30015509c4a752edf29c90f9f38d31a43d03f1c620026881ae6990ffd28833a40f68207b653b892ece6bb634c68b5ee706eab57110a3481eb51a282b4005008d92b4d00de57ac821e934a7d4263f1b11d631cd587b7a61ea8f67b7d8dd47fb9636eee698f087aac01f9c0dbfd580768bcd8d7bffe352f1c1accffd754aaf54a0c257aba545a2130c7474718a8fdfd39ebefeba70488f0aaeb0c44208f88d1f5292e8214012458a044af127a19f7a338ddc5d8979eaf00db5c5d38c42f76ad9b18070f520e48b4f70cee27f7963ef145204139107d26a43d91411198017a402012a287de15846cee06853a8a129df22509d0419040dc2f70af98c43210d83bbaac65b297d46a2826b171e1102ac912ddfb75f4f3e090d26d4c2b2094ced861124ed99161690b7a1a21942d931652b54676517270b9dc68a0a542f6d4ab91bf4fb5d2ffedd0fc3c9cf37eacff3c2b02343ec177bce32d377474a47f25934a9f83b88250f2e49609cbc35fb3b78fcaea0854d2b31cc30a435f947438ed03641f731672457d62cc018f4b842a4065a9cb2cea74b418ac6c06a8064b2a393de338e228e90f7d7749060a4b52f99ed2ce1e22d50cde750e8b0036204208f4304c73f944254d126b0fed4285fc89d29182d92bcabe4105d3be564269d4a8c5fde37e1c3fc719b55f3d7cdd2ebe2562b8643917a258370000096249444154b11b15a345831c9c5fc89c11a09236a9db02e446a163eb00834d658a968d8c8edaee3da7d1d6e2cedbefb86db15af9f5c3b3a5bffab18ecab617f7ac0ad078ddeffaf9b7bea3b3b3e317cf3ce3f4ed7b76edb2a5ca52622004e036b46ca84de36c88c08eea7b94c166c9881e8aba451886b81d025da649f2c6aac7810a8e7209cb019f2e6942196b05df2db2bc0d48202f6e29f69112c7dd2ed62aabb6b6b622ececea8adf0714f5444057490a2d5ef59b083c96ae26df4c64cad8f77240e4b7e1f71d8e17ea76f19e91e5d216a0dc653ae90025bc6bf9f05000c01dfda40254c0034e9521dec6f21646b8eaeb51d6566acb7c0d81a744306f3b65bb3def0517dad9e79e67a7eed97de0dbfffecddf7af7fbdf7fcbb32530e3753e2b03345efc3ffedda7dfb77ddb29ef2fcd9726e667e7187630e11d80d74b7717832c4a4ec10295197141e38284bd3d05bf58f6aa846326a1e87530668275bbb917a5d92d322c0c821880ca8eca5a4209a548df820690769b24602390e03406fe230741d204c2aa1ebf4f6a58c26f55af8920c57a2226b0944561f6f4f213014908a286415476a012833f1f5fd930a3d3a15aa82a96fe28675d799abb67ec27bd5cc69007256bc260e17e5aca0b24c26732949a4169bb025d265f43a1c7c5ebbef8d2cbed9aebae3b7ccaf6edbffbe28b2ffddd675b603e17a06d9ff80fbef96fef9d9f9b7bf7fcfcfcceaece6e1b2e0c53fe111792fa460c7eb0efd4d005991599135f287d31218d9d20823a3c46f16ff232315861806b6814d805a25fbcef8c8c267b09e07d7daaeb1934fa52644fdadc43dd6069897b521c1e14ab46203b8b0517ba3641b050f0b50dfa57c2ede4961618da20702340d9bffaee95008458b9f8f4198125d2bb78b29cac52281c24f896adac882686e0031b250234c0f3b1b642402f3b6c0f1956832b6f1352a9fda76c3fe5f7bff47fbef1a1676b603e17a00ff1c97ff16f3efdd38b0be55f1c1c1cdc33323a42e91302e2a9a3e3c003644fee46f52542778010c0e080cc86b4902090223b17c969c2b52c4a416260e9a4253400b99f0ebfa3d282cb8504da0893cef5558117f06f94b695c5454e76716c802b4aee27fb6279a92a3c5b1c00a11c167bc545bc58d68ad5c2ef2519748dd959995601aaf25899533e9e5e3584795252c237189cab247e6360850075f5065fc384040b0ebbcaf28a95abb56487da6c36ef4a5beab7ee3e32fd27cff6c07c2e401fe10af8eb5b3ffeaaf1f1899fedce765fcbbd67362b2a17d72f8976aa7678beca88b4a800958690bee753de4473558325640b0c5df027746013989ef79a80ffa9fc158a471ab43231869319d043b468744e264b6f949f9d9ef9a95ee8ca08205f23c386961038963e588a2a21244fc4dbf4e08a0110ef173e9e70c216043294f4d9773a650f01491b0906a82b42240c21ed95994533195bac2d5ba952c33bf4b7cd94fdd1bd87a6bef05c601efb0e3cab7bd047bb18fef9b39fdd9bedeb7e6b369bfde9aeeeeea2747fd47f2ab36250a27e2a2069489c401a511c994e2e89d3a45630247aab5f53f928603b5506691da85e53768612850e360b8235fa504c7189d385bd22fa3b9a2c89ce0510007a4410a96bd03aa20a9ffad30406085502aafc2968e5a2a67da77a51f045d765a8e4d29c4448f175b938984f84f11a982da1c6e0935b655004a8b8a1a2ece93d13d22a33b75059fa93c5c5da27ef3872e48e47fb2c9ead3f7f2e401fe327ffed7ffbca0d99b4bda1d96c5d879294052c04b3bb808601f44fd42a2affb9660f3229d5e543c5dc19a20281bbe78b13bcb91af120a2461100071085e604d7ff0d4410063114f6527072df0989978c7bb478998b3e11bf0725f92859e54886b255fb4fae4228dceda644c1ebc463237b379a1ceaa8ac7565095726d09e543041ba867b804a640c03ab7596d6b88f507767e6ececf86c67a6eb2ffee1ebdf7cd6ac4a1ee325f690377b2e408ff3ddfbfed7ff657c6da37563ab61af49a7529781538a5e352c1245cb50bf16aa80093cad8de122a8aa6e9c9496e487ea0bd3daf03a41665d81a1110211b0c3e0ad3614b858bd403d9e929721f189808538f7f2b2348a9c0e172a8601d40fdc2e550a43b6d3d148e89de11086bd6550ed42882cd955b6fd0eee8b43265603d0d1c5aa075610992f77663aff3a95b54f7fe9df7f30759c6ff9b3fae6cf05e813f8f86ffbd77fdd699da9576732996b7e74115ea9558330bc82b1493d90b21f8e38c24fd9a386d62d70b5d402927b19820d7d264adbd5b515897b391081ab199ffc8aa4ad1d29f7b40e80171842eb15c1fe60cd007eab26cd18e0682025781f1e9bf29e3e412532c8810e284d15a002ffe3f561c583208c1e9b2a7cde4f53d07a4542631b1bf57faed71b9fcb34339ffdf21d77ec7f026ff3b3fa579f0bd013f4f1fff06b5f2bd453f5575acb5ede91c9bcacb3a36b8bfc2f81b2096d1eac2330fdd5a08598d5067c3025582d7504a780013cbe0acb83f544ef97d35e04af030f42182c0234768882f5016aa70c4b8410859e35980a694df59a9af07217eac18fd25886be29daf875a0bc75450964e424405d5214597b6575756a6d75f99fd6d61affb8915aff872f7df3ceb913f4d63eabefe6b9003d491fff5db77de3026bd815a954ebd2742a752d2646840b76c86f25140390d530f0d95843a9aae044d69417286ce6015af08929b21e410b1a562129231322d062e844558396637fd9a37a00fab006c18400e3fd30b056a8e04e289e67d1181421f32338c9898563197c3b1d08d16cb69acd7afd6f5737d6bfb2b15affd2fffacaff7dc6e9fd9ca48ffe84deed73017a42dfce87bfb3bbbef3f5b33a335d2fece8485f986ea5ce6fb45a17582ad311d4310a7ae1e267efe9f85a57f123c52cf6a281a185ac6880da5da55db03d04afca59c108013e904954f48d12855e49a6b50852c2f11c2c10ca7c14a88601af593d93c97c2b93ce7cdb52adafdb7af36b1ffbdc179fd682cf4fd2c77ad21fe6b9003de96ff1c33fc03ddffdc6d98d7a6b5f73bd7ee6fac6dae98df5fa9e467d63777d7dbd0f48216ada523dd0c458a11448a83060dd23607a888489ee262508811e44d0463022282343a2cc25d9dbfbd380ff355bad5a63a37ef7fac6fa5df546f3f656baf58356baf5bdbff8c297ffdf53f8363dab1ffab9007d1a7efc5fffbb4f8fafd6364ea9d737b6a52d3561a9d49666b331da6a340af5467d7863637da0d96ce653a9d44ee77d7344a4a074ab8900df6fd46d656d65ffeaea5aa5d16c2e365a8d92d51bf3cbeb1b336b2bcb47ebeb1b47eaf5c6a1e5c6ca818ffcd5179e9bb03ecdae87ff0f32aaba8683a8490e0000000e655849664d4d002a0000000800000000000000d253930000000049454e44ae426082');
SELECT pg_catalog.lo_close(0);

COMMIT;

--
-- Name: images images_pkey; Type: CONSTRAINT; Schema: public; Owner: postgres
--

ALTER TABLE ONLY public.images
    ADD CONSTRAINT images_pkey PRIMARY KEY (id);


--
-- Name: roles roles_pkey; Type: CONSTRAINT; Schema: public; Owner: postgres
--

ALTER TABLE ONLY public.roles
    ADD CONSTRAINT roles_pkey PRIMARY KEY (id);


--
-- Name: roles roles_role_name_key; Type: CONSTRAINT; Schema: public; Owner: postgres
--

ALTER TABLE ONLY public.roles
    ADD CONSTRAINT roles_role_name_key UNIQUE (role_name);


--
-- Name: sessions sessions_pkey; Type: CONSTRAINT; Schema: public; Owner: postgres
--

ALTER TABLE ONLY public.sessions
    ADD CONSTRAINT sessions_pkey PRIMARY KEY (id);


--
-- Name: sessions sessions_user_id_key; Type: CONSTRAINT; Schema: public; Owner: postgres
--

ALTER TABLE ONLY public.sessions
    ADD CONSTRAINT sessions_user_id_key UNIQUE (user_id);


--
-- Name: users users_pkey; Type: CONSTRAINT; Schema: public; Owner: postgres
--

ALTER TABLE ONLY public.users
    ADD CONSTRAINT users_pkey PRIMARY KEY (id);


--
-- Name: users users_username_key; Type: CONSTRAINT; Schema: public; Owner: postgres
--

ALTER TABLE ONLY public.users
    ADD CONSTRAINT users_username_key UNIQUE (username);


--
-- Name: passwords passwords_user_id_fkey; Type: FK CONSTRAINT; Schema: public; Owner: postgres
--

ALTER TABLE ONLY public.passwords
    ADD CONSTRAINT passwords_user_id_fkey FOREIGN KEY (user_id) REFERENCES public.users(id) ON DELETE CASCADE;


--
-- Name: users users_role_id_fkey; Type: FK CONSTRAINT; Schema: public; Owner: postgres
--

ALTER TABLE ONLY public.users
    ADD CONSTRAINT users_role_id_fkey FOREIGN KEY (role_id) REFERENCES public.roles(id);


--
-- PostgreSQL database dump complete
--

